name;artist;duration;url;original_url;image;game;amountOfDancers;difficulty;sinceVersion
24K Magic;Bruno Mars;3:29;https://youtu.be/ecX2KUfQPv0?t=11;https://youtu.be/_08-gqR2gPU?t=11;24k_magic;2018;2;1;10
24K Magic (Extreme);Bruno Mars;3:37;https://youtu.be/_WkHJj8MBZc?t=13;https://youtu.be/tbp8Xclin_Q?t=13;24k_magic_extreme;2018;1;4;11
34+35;Ariana Grande;2:50;https://youtu.be/5nM4Kqu5I3k;null;34+35;fanmade;1;2;12
365;Zedd & Katy Perry;2:50;https://youtu.be/yRp9OZMJziE?t=13;https://youtu.be/1SaJpV8SL3M?t=13;365;2020;1;1;9
4x4;Miley Cyrus;2:45;https://youtu.be/LTT783X0ql0;null;4x4;2015;4;2;12
7 Rings;Ariana Grande;3:03;https://youtu.be/PCc8B4JqYYs;null;7_rings;2020;3;2;12
7 Rings (Extreme Version);Ariana Grande;2:58;https://youtu.be/x9jYm4CEk2o;null;7_rings_extreme_version;2020;1;4;12
7th Element;Vitas;3:30;https://youtu.be/XsRRed5AhyI?t=10;https://youtu.be/uBtHrmUF138?t=10;7th_element;fanmade;1;1;10
A La Folie;Julien Granel & Lena Situations;3:30;https://youtu.be/QprciLYdHJs?t=19;https://youtu.be/4WXc7OnQlQY?t=19;a_la_folie;2022;1;2;10
A Little Less Conversation;lvis Presley vs. JXL;3:25;https://youtu.be/M3E_U7iwm98?t=12;https://youtu.be/O3Hx1fKzdrU?t=12;a_little_less_conversation;1;1;2;11
A Little Party Never Killed Nobody (All We Got);Fergie ft. Q-Tip, GoonRock;3:38;https://youtu.be/OJgGf_wuIWM;null;a_little_party_never_killed_nobody_all_we_got;2019;1;1;12
A Queda;Gloria Groove;2:48;https://youtu.be/9Y6Ffwx_k_g;null;a_queda;2024;1;2;12
Addicted To You;Avicii;2:28;https://youtu.be/_3fmm-Q_EhU;null;addicted_to_you;2015;1;2;12
Adeyyo;Ece Seçkin;3:46;https://youtu.be/5D16PZYSUqg;null;adeyyo;2019;1;1;12
Adore You;Harry Styles;3:28;https://youtu.be/uFza7tjiMoI;null;adore_you;2021;1;1;12
Aerodynamic;Daft Punk;4:10;https://youtu.be/OgdPpZNzk-Q;null;aerodynamic;other;1;2;12
After Party;Banx & Ranx ft. Zach Zoya;3:28;https://youtu.be/GBuf21NjYCA;null;after_party;2024;1;2;12
Age Age Every Night;DJ OZMA;3:51;https://youtu.be/EBft7hD-nY0;null;age_age_every_night;wii2;1;1;12
Ain’t My Fault;Zara Larsson;3:14;https://youtu.be/4s3gBTIRGSk?t=28;https://youtu.be/nbeWKX1cZs0?t=28;aint_my_fault;2018;1;2;10
Ain’t No Mountain High Enough;Marvin Gaye & Tammi Terrell;2:17;https://youtu.be/0vPs5i7ho0k?t=21;https://youtu.be/PxTAzOo6RsY?t=21;aint_no_mountain_high_enough;2015;2;1;10
Airplanes;B.o.B ft. Hayley Williams;2:45;https://youtu.be/hUa4AeR_xMg?t=18;https://youtu.be/q_gLCd1brGE?t=18;airplanes;3;1;1;11
Alfonso Signorini;FEDEZ;3:13;https://youtu.be/MLzDfTZXh1A;null;alfonso_signorini;2014;1;3;12
All I Want For Christmas Is You;Mariah Carey;3:50;https://youtu.be/8oN2yMzv3dY?t=22;https://youtu.be/Yrm21Ie6OrU?t=22;all_i_want_for_chrismas_is_you;fanmade;1;1;0
All The Stars;Kendrick Lamar Ft. SZA;3:58;https://youtu.be/N1BAHHwaiHo;null;all_the_stars;2023;1;2;12
All You Gotta Do (Is Just Dance);The Just Dance Band;3:37;https://youtu.be/z6hJ7JxbVz4?t=6;https://youtu.be/upRsNkVP93M?t=6;all_you_gotta_do_(is_just_dance);2018;1;1;0
All You Gotta Do (Simple version);The Just Dance Band;1:07;https://youtu.be/jIaLcsSvmZY;null;all_you_gotta_do_simple_version;other;1;1;12
All the Good Girls to Hell;Billie Eilish;2:48;https://youtu.be/F6QbX-KKf3k;null;all_the_good_girls_to_hell;2019;1;2;12
American Boy;Estelle ft. Kanye West;4:06;https://youtu.be/bWETX2jnFMk?t=11;https://youtu.be/iARZVyQ0PMg?t=11;american_boy;2;2;1;11
Among Us;Moondai;2:00;https://youtu.be/k5l7e4l6LXM?t=25;https://youtu.be/2YDtzsw7U-w?t=25;among_us;fanmade;1;2;0
Animals (extreme version);Martin Garrix;2:55;https://youtu.be/1l-jlD1KPOQv=-DYALBogmJo;https://www.youtube.com/watch?v=-DYALBogmJo;animals_extreme;2016;1;4;0
Another One Bites the Dust (Stunt Version);Queen;3:35;https://youtu.be/occBk9lgx9Q?t=3;https://youtu.be/QIk3OCdHRmA?t=3;another_one_bites_the_dust_alternate;2018;1;3;11
Anything I Do;CLiQ ft. Ms Banks and Alika;2:45;https://youtu.be/kcBmBO9V9fY;null;anything_i_do;2023;3;4;12
Apache (Jump On It);The Sugarhill Gang;4:08;https://youtu.be/3TAxfqPbl8U?t=22;null;apache_jump_on_it;3;1;2;11
Applause;Lady Gaga;3:25;https://youtu.be/kZuAqsmWhUYv=EwUhKym99vU;https://www.youtube.com/watch?v=EwUhKym99vU;applause;2014;1;2;6
Applause (Alternate);Lady Gaga;3:35;https://youtu.be/OEHVYFUN61Qv=EpmW5Hy6yFM;https://www.youtube.com/watch?v=EpmW5Hy6yFM;applause_alternate;2014;1;3;11
As It Was;Harry Styles;2:35;https://youtu.be/t8CmNuyJgcg?t=9;https://youtu.be/bW5ObnSbt9Y?t=9;as_it_was;2023;1;2;10
Aserejé;Las Ketchup;3:14;https://youtu.be/mwXjRGDPut8;https://youtu.be/yyb2tD0cTFA;asereje;4;2;1;9
Automaton;Jamiroquai;4:02;https://youtu.be/je3ul5p1lPs?t=24;https://youtu.be/9zvK7mMmr4o?t=24;automaton;2018;1;2;10
Automaton (Tomato Version);Jamiroquai;3:40;https://youtu.be/kXlimcQKVvg?t=16;https://youtu.be/K56ao662420?t=16;automaton_tomato_version;2018;1;2;11
BOOMBAYAH;Blackpink;3:37;https://youtu.be/TBMw1vy8CPY;https://youtu.be/sQQEJnjznx0&start=21;boombayah;2022;4;4;1
BUTTER (extreme);BTS;2:50;https://youtu.be/wLp66B37USM;null;butter;2024;4;4;12
Baby Girl;LT and Rican;2:48;https://youtu.be/3IO-hJeAeLg?t=30;https://youtu.be/Oe7xzeQ2hbE?t=30;baby_girl;2;1;1;11
Baby Got Back;Sir Mix-A-lot Mack Daddy ;2:38;https://youtu.be/QyNMaO97o0Y;null;baby_got_back;dcs3;1;3;12
Baby One More Time;Britney Spears;3:18;https://youtu.be/ehGQ72oQgR0?t=2;https://youtu.be/4lO_l6B4FIs?t=2;baby_one_more_time;3;4;1;9
Bad Guy (extreme);Billie Eilish;3:10;https://youtu.be/PAI9VTTA8pc?t=42;https://youtu.be/IPMA1S4iEQY?t=42;bad_guy_extreme;2020;1;4;8
Bad Habits;Ed Sheeran;3:56;https://youtu.be/qYjm3ohMjkI;null;bad_habits;2022;1;2;12
Bad Romance (Extreme);Lady Gaga;4:50;https://youtu.be/p6Y6HLI8yeM?t=18;https://youtu.be/c_LGT2XGiX4?t=18;bad_romance_official;2015;1;4;4
Baianá;Bakermat;3:00;https://youtu.be/xpG2K_qCANwv=25uN4wpmdfQ&?t=22s;https://www.youtube.com/watch?v=25uN4wpmdfQ&t=22s;baiana;2022;1;1;0
Bailando;Enrique Iglesias ft. Descemer Bueno and Gente de Zona;3:01;https://youtu.be/2QujZWC_zvIv=T0f4PLgBuzw;https://www.youtube.com/watch?v=T0f4PLgBuzw;bailando;2015;2;2;4
Bailando;Paradisio ft. Maria Garcia and DJ Patrick Samoy;3:21;https://youtu.be/ZcZI55PXdR4?t=16;https://youtu.be/D0tCinHaCu8?t=16;bailando_paradisio;2021;1;1;11
Bailar;Deorro ft. Elvis Crespo;2:34;https://youtu.be/wcZHwzIuQ68v=eV4kPGM2RBo&star?t=20;https://www.youtube.com/watch?v=eV4kPGM2RBo&start=20;bailar;2017;1;2;4
Balkan Blast Remix;Ari Pulkkinen;2:14;https://youtu.be/5AjAkNO07EY?t=15;https://youtu.be/MUCy1gOwG0Y?t=15;balkan_blast;2016;4;1;10
Bang Bang Bang;Big Bang;3:41;https://youtu.be/5aa8ia8hl6M;null;bang_bang_bang;2020;3;3;12
Bang Bang Bang (extreme);Big Bang;3:38;https://youtu.be/CMzGmhv2lN4?t=9;https://youtu.be/2Bz8F5WhlCQ?t=9;bang_bang_bang_extreme;2019;1;4;9
Bangarang (extreme version);Skrillex ft. Sirah;3:37;https://youtu.be/nlEfN6CF8cwv=7MMY5V9xDx0;https://www.youtube.com/watch?v=7MMY5V9xDx0;bangarang_extreme;2020;1;4;0
Barbara Streisand;Duck Sauce;2:45;https://youtu.be/6eN-RoMsgAw;null;barbara_streisand;sendhelp;1;1;12
Barbie Girl;Aqua;3:06;https://youtu.be/Jo5lo4xyQCI;https://youtu.be/6AtyyRVxT9g;barbie_girl;2;2;2;0
Barbra Streisand;Duck Sauce;3:15;https://youtu.be/Y9j_qMTpRFs?t=15;https://youtu.be/w0rEGcb6g7k?t=15;barbra_streisand;3;1;2;0
Barbra Streisand (Extreme);Duck Sauce;3:22;https://youtu.be/hkheDNGngbgv=prX2MfVwBy0&?t=20s;https://www.youtube.com/watch?v=prX2MfVwBy0&t=20s;barbra_streisand_extreme;3;1;4;10
Beat It;Michael Jackson;4:00;https://youtu.be/mFj9mKjpZdkv=16jC2_A7IKk;https://www.youtube.com/watch?v=16jC2_A7IKk;beat_it;mje;3;2;11
Beautiful Liar;Beyoncé & Shakira;3:09;https://youtu.be/_iekN1h6qdI?t=12;https://youtu.be/yt4V20MYFJs?t=12;beautiful_liar;3;2;2;11
Beauty and a Beat;Justin Bieber ft. Nicki Minaj;3:48;https://youtu.be/TN7PA1eaIcs?t=13;https://youtu.be/NjEQpTYGmkw?t=13;beauty_and_a_beat;4;1;3;9
Beep Beep I’m A Sheep;LilDeuceDeuce ft. BlackGryph0n & TomSka;2:21;https://youtu.be/bMtU-SIFORM?t=28;https://youtu.be/M9pNXkdbEjE?t=28;beep_beep_im_a_sheep;2018;1;1;11
Beggin';Måneskin;3:22;https://youtu.be/mUhUu8iW4Vo?t=12;https://youtu.be/rMMLsVCzQbA&t=14;beggin;2023;1;3;11
Believer;Imagine Dragons;3:18;https://youtu.be/5AJT_GDgWgo?t=13;https://youtu.be/f59ndbhNsFo?t=13;believer;2022;2;2;9
Beware of The Boys;Panjabi MC;4:03;https://youtu.be/9eeXd9yvR4M;null;beware_of_the_boys;4;4;2;12
Billie;Michael Jackson;5:31;https://youtu.be/VB3u7SGy1p4;null;billie;mje;1;2;12
Birthday;Katy Perry;3:36;https://youtu.be/_IdCaa8uH1sv=vCIYmJ6pyy4;https://www.youtube.com/watch?v=vCIYmJ6pyy4;birthday;2015;1;2;0
Black Mamba (Alternate Version);Aespa;2:44;https://youtu.be/VDvRJe8cMDY?t=13;https://youtu.be/gFmbkcMv5zI?t=13;black_mamba_alt;2;1;2;11
Black Or White ;Michael Jackson;3:18;https://youtu.be/RcS4QTREDbc;null;black_or_white;mje;1;3;12
Black Widow;Iggy Azalea ft. Rita Ora;3:28;https://youtu.be/mG9dSBOl_3w?t=14;https://youtu.be/oPijNFowzyk?t=14;black_widow;2015;1;2;10
Blame;Calvin Harris ft. John Newman;3:28;https://youtu.be/1AJnoyxTW-Mv=A6kuzCmYYWg&star?t=11;https://www.youtube.com/watch?v=A6kuzCmYYWg&start=11;blame;2016;1;2;3
Blame It On The Boogie;The Jacksons;3:48;https://youtu.be/7n-Obii09qs;null;blame_it_on_the_boogie;2014;4;1;12
Blame It On The Boogie (Extreme Version);The Jacksons;3:26;https://youtu.be/oL9PSKUmTUs;null;blame_it_on_the_boogie_extreme_version;2014;1;4;12
Blinding Lights;The Weeknd;3:11;https://youtu.be/CYXxoT4O8UU?t=15;https://youtu.be/hnVwwzCVoqg?t=15;blinding_lights;2021;1;1;10
Bloody Mary;Lady Gaga;3:48;https://youtu.be/Vno9xbVxdgs?t=26;https://youtu.be/cpHDR0TM18U?t=26;bloody_mary;plus;1;2;11
Blow Your Mind (Mwah);Dua Lipa;3:01;https://youtu.be/op2ss8JVs4w?t=2;https://youtu.be/r7TndD-Ahi0?t=2;blow_your_mind_mwah;2018;1;2;11
Blue (Da Ba Dee);Eiffel 65 (Hit The Electro Beat);3:30;https://youtu.be/bxERuBXI3Ik?t=14;https://youtu.be/AFIqSaZM2D0?t=14;blue;2018;1;1;0
Blurred Lines (Extreme Version);Robin Thicke;3:42;https://youtu.be/f7pUfqyIUkM;null;blurred_lines_extreme_version;2014;1;4;12
Bo Peep Bo Peep;T-ARA;3:37;https://youtu.be/EOL5EIXWcaw?t=18;https://youtu.be/QRAsC6w9zOM?t=18;bo_peep_bo_peep;wii2;1;1;9
Body Movin';Beastie Boys;4:00;https://youtu.be/m-bK0WOY4IQv=Repsz89msqI&?t=24s;https://www.youtube.com/watch?v=Repsz89msqI&t=24s;body_movin;2;1;1;0
Bonbon;Era Istrefi;2:48;https://youtu.be/yVNaarxJH1w;null;bonbon;2017;1;3;12
Boogie Wonderland;Groove Century;3:23;https://youtu.be/NswgEwE6brE;null;boogie_wonderland;3;4;1;12
Boom;MC Mágico & Alex Wilson;2:15;https://youtu.be/0f7-5G3yMpk?t=13;https://youtu.be/awVxB4MdMeE?t=13;boom;3;1;1;10
Boom Boom;Iggy Azalea ft. Zedd;3:13;https://youtu.be/Ctq5ZwJ5tt4?t=20;https://youtu.be/5lvKdoAW_M0?t=20;boom_boom;2018;3;3;11
Boom Clap;Charli XCX;2:44;https://youtu.be/xblpnqvxIdw;https://youtu.be/un85_cWOyyM;boom_clap;2015;1;2;8
Boombaya (alternate);BLACKPINK;4:08;https://youtu.be/wDsHlgjl8es;null;boombaya_alternate;2022;1;2;12
Born This Way;Lady Gaga;3:27;https://youtu.be/ebWHLnNdsJA?t=29;https://youtu.be/BruhuumfNS4?t=29;born_this_way;2016;3;2;5
Born This Way (Nerd Version);Lady Gaga;3:46;https://youtu.be/FDth7k54NTY?t=19;https://youtu.be/4fHDcTUo--8?t=19;born_this_way_alternate;2016;1;1;11
Born To Be Wild;Steppenwolf;3:30;https://youtu.be/BYCzm8Sj_sY;https://youtu.be/OiQ7ZUMLg4Q;born_to_be_wild;2;1;1;11
Boss Bitch;Doja Cat;2:10;https://youtu.be/Q4L3WfYEpTI;https://youtu.be/Yt9aCIg04ZU&t=14s;boss_bitch;2022;1;2;10
Boy With Luv (extreme);BTS;3:43;https://youtu.be/d12y1pwdU-Y?t=8;https://youtu.be/P8yowpGUm9I?t=8;boy_with_luv_extreme;2023;1;4;10
Boy with luv;BTS;3:55;https://youtu.be/jQfJGErNOAo;null;boy_with_luv;2023;3;3;12
Boys;Lizzo;2:50;https://youtu.be/3Jqvf75xx6Y?t=21;https://youtu.be/RX1Z5HRH-90?t=21;boys;2020;1;3;10
Boy’s a Liar Pt. 2;PinkPantheress, Ice Spice;2:28;https://youtu.be/RUDQOS96Esk;null;boys_a_liar_pt_2;2024;2;2;12
Break My Heart;Dua Lipa;3:28;https://youtu.be/uvmxZUAkd2I?t=19;https://youtu.be/IT9U64UZJcg?t=19;break_my_heart;2022;1;2;5
Break free;Ariana Grande;3:36;https://youtu.be/9qGsZQHx3AYv=UGlQBLU3xAA;https://www.youtube.com/watch?v=UGlQBLU3xAA;break_free;2015;1;1;0
Bring Me To Life;Evanescence;3:31;https://youtu.be/9zkWluU6zlk?t=29;https://youtu.be/kutlNUBpH4s?t=29;bring_me_to_life;2023;2;3;9
Build A Bitch;Bella Porch;2:00;https://youtu.be/H0-VDXz746wv=iO9Cb56tl6Y;https://www.youtube.com/watch?v=iO9Cb56tl6Y;build_a_bitch;2022;1;2;8
Built For This;Becky G;3:14;https://youtu.be/DMNT2s-xeOo?t=17;null;built_for_this;2015;1;2;11
Bum Bum Tam Tam;MC Fioti, Future, J Balvin, Stefflon Don, & Juan Magán;3:19;https://youtu.be/8nQ0g0vo14o?t=16;https://youtu.be/ljAK2KZzaUA?t=16;bum_bum_tam_tam;2019;2;2;10
Bum Bum Tam Tam (Mad Scientist Version);MC Fioti, Future, J Balvin, Stefflon Don, & Juan Magán;2:50;https://youtu.be/Ac3aRTXH4fk?t=31;https://youtu.be/7VJahso6ecc?t=31;bum_bum_tam_tam_alternate;2019;2;1;11
Burn;Ellie Goulding;3:54;https://youtu.be/4UBBxnzaQjEv=ofQphUnfVeA;https://www.youtube.com/watch?v=ofQphUnfVeA;burn;2015;1;2;0
Buscando (extreme);GTA & Jenn Morel;3:41;https://youtu.be/XkFtQjJ3nZU?t=17;https://youtu.be/95lYiGI7pjY?t=17;buscando_extreme;2021;1;4;9
Butter;BTS;2:46;https://youtu.be/nHOwjF-bLJc;null;butter_alt;2024;1;2;12
Butterfly on your Right Shoulder;Kagamine Len;2:41;https://youtu.be/6bgP3DPDT4k?t=24;https://youtu.be/vZdXcKgUZVA?t=24;butterfly_on_your_right_shoulder;fanmade;2; 1;10
Buttons;Pussycat Dolls ft. Snoop Dog;4:18;https://youtu.be/fwkU_CVOJt0;null;buttons;2022;3;2;12
C'mon;Ke$ha;3:23;https://youtu.be/-rz8m1WmfyA?t=24;https://youtu.be/bl399rfzD5s?t=24;cmon;2014;2;2;1
Cake By The Ocean (Earphones Version);DNCE;3:42;https://youtu.be/ajEGG1PL1NE?t=1;https://youtu.be/U77pLt7U0zU?t=1;cake_by_the_ocean_alternate;2017;2;2;11
Cake by the Ocean;DNCE;3:34;https://youtu.be/jRzMDzDXEuQ?t=18;https://youtu.be/qryAuIqG8oo?t=18;cake_by_the_ocean;2017;1;1;1
Calabria 2007;Enur ft. Natasja;3:59;https://youtu.be/axEqltCJGYQ;null;calabria_2007;2025;3;1;12
California Gurls;Katy Perry featuring Snoop Dogg;4:00;https://youtu.be/nFmwsA_OOEI?t=26;https://youtu.be/smhZTYZFqho?t=26;california_gurls;3;1;2;0
Call Me Maybe (Alternate);Carly Rae Jepsen;3:17;https://youtu.be/sD3j6sqtmKc;null;call_me_maybe_alternate;4;1;2;12
Call me maybe;Carly Rae Jepsen;3:03;https://youtu.be/dCvxohqwqGU?t=9;https://youtu.be/2GTAwNmyjSc?t=9;call_me_maybe;4;1;1;0
Calm Down;Rema;3:45;https://youtu.be/RMdM04BO_yE;null;calm_down;2024;2;1;12
Calypso;Luis Fonsi & Stefflon Don;3:17;https://youtu.be/d_4rn6Gb17A?t=5;https://youtu.be/NTd6VzgBeEc?t=5;calypso;2019;1;2;9
Can't Hold Us;Macklemore & Ryan Lewis ft. Ray Dalton;3:38;https://youtu.be/g_mYEpZH6yY?t=9;https://youtu.be/aq2ACplLHh8?t=9;can't_hold_us;2014;1;2;0
Can't Take My Eyes Off You;Boys Town Gang;3:41;https://youtu.be/fHlD_MnNaX0?t=18;https://youtu.be/tHt6XVwauPc?t=18;cant_take_my_eyes_off_you;4;2;1;10
Can't Take My Eyes Off You (Wrestler Version);Boys Town Gang;3:31;https://youtu.be/bTtDgTsrOsA?t=25;https://youtu.be/0j8iI-zNE1M?t=25;cant_take_my_eyes_off_you_wrestler;4;1;3;9
Candy;Robbie Williams;3:20;https://www.youtube.com/watch?v=WMEidcNxFss;null;candy;2014;2;2;11
Canned Heat;Jamiroquai;3:56;https://youtu.be/ArKbS9ksPGQ;null;canned_heat;2023;1;2;12
Can’t Feel My Face;The Weekend;3:18;https://youtu.be/ncNEqoZqQ9w?t=15;https://youtu.be/B9mlsJvS9Ik?t=15;cant_feel_my_face;2017;1;2;10
Can’t Stop the Feeling! (Danceverses Prince Version);Justin Timberlake;3:50;https://youtu.be/HqWZkXF1boA?t=20;https://youtu.be/IdcsX0PHgdA?t=20;cant_stop_the_feeling_alternate;2023;1;3;11
Can’t Tame Her;Zara Larsson;3:29;https://youtu.be/4SS7G89LGT8?t=26;null;cant_tame_her;2024;1;3;11
Cercavo Amore;Emma;3:30;https://youtu.be/R3qobw1B9TE?t=19;https://youtu.be/783Z_ly1frg?t=19;cercavo_amore;4;1;2;10
Chacarron;El Chombo;2:46;https://youtu.be/S7RfvklmcoU;null;chacarron;2022;1;1;12
Chained to the Rhythm;Katy Perry;3:57;https://youtu.be/3wsO5ykRJsM;null;chained_to_the_rhythm;fanmade;1;1;12
Chandelier;Sia;3:27;https://youtu.be/xq1EJvswgwsv=Ji5JvJAnbHk&?t=19s;https://www.youtube.com/watch?v=Ji5JvJAnbHk&t=19s;chandelier;2022;1;2;0
Chandelier (Contemporary Dance Version);Sia;3:28;https://youtu.be/H7XvIq9srTEv=o4BVD3UyCcs&?t=13s;https://www.youtube.com/watch?v=o4BVD3UyCcs&t=13s;chandelier_contemporary_dance_version;2022;1;2;11
Chantaje;Shakira ft. Maluma;3:09;https://youtu.be/g_zMqSEcGM4?t=1;https://youtu.be/rddettN2RMU?t=1;chantaje;2018;2;2;11
Chantaje (Subway Version);Shakira ft. Maluma;3:18;https://youtu.be/z8oUqVfNQ1s;null;chantaje_subway_version;2018;3;2;12
Cheap Thrills;Sia ft. Sean Paul;3:33;https://youtu.be/OoCJGzkeWBw?t=12;https://youtu.be/no4rACZQ3KM?t=12;cheap_thrills;2017;1;2;1
China;Anuel AA, Daddy Yankee, Karol G, Ozuna, & J Balvin;4:54;https://youtu.be/HDojlNzD5-U?t=17;https://youtu.be/Vcaz1BRcXEE?t=17;china;2022;3;2;10
Chiwawa;Wanko Ni Mero Mero;2:40;https://youtu.be/umQPtrgDTDo?t=21;https://youtu.be/c7pzM5BpToE?t=21;chiwawa;2017;1;1;8
Chiwawa (Barbie Version);Wanko Ni Mero Mero;2:46;https://youtu.be/SbqaoT_4PAQ?t=21;https://youtu.be/I4sSPJ96Kd8?t=21;chiwawa_barbie_version;2016;1;2;10
Circus;Britney Spears;3:35;https://youtu.be/ulO-URh5FZU;null;circus;2016;4;2;12
Circus (Extreme);Britney Spears;3:10;https://youtu.be/xRljbgl6aS0;null;circus_extreme;2016;1;4;12
Come Back Home;2NE1;3:52;https://youtu.be/oEQL5_4Qq0E;null;come_back_home;2021;3;3;12
Con Altura;Rosalia & J Balvin;2:42;https://youtu.be/Xs6P2Q3Ofe0;null;con_altura;2020;1;2;12
Con Calma;Daddy Yankee ft. Snow;3:15;https://youtu.be/tJkVRHwcxzE?t=11;https://youtu.be/_tVGpVMulVE?t=11;con_calma;2020;2;2;10
Cool for the Summer;Demi Lovato;3:34;https://youtu.be/RanKjEpEhsQ;null;cool_for_the_summer;2016;1;1;12
Cosmic Girl;Jamiroquai;3:13;https://youtu.be/jn77MNP7C1Ev=Kl6PfJbuOO8;https://www.youtube.com/watch?v=Kl6PfJbuOO8;cosmic_girl;2;1;1;10
Cosmic Party ;Equinox Stars;2:13;https://youtu.be/_9e009x2OtE;null;cosmic_party;2019;1;2;12
Cotton Eye Joe;Rednex;3:16;https://youtu.be/kVb9RHYFPGs;null;cotton_eye_joe;1;1;2;12
Counting Stars;OneRepublic;3:30;https://youtu.be/9iUioO3tM6I;null;counting_stars;dcs;1;4;12
Cradles;Suburban;3:30;https://youtu.be/VVSmVv9OgjQ;null;cradles;2024;1;3;12
Crayon;G-Dragon;3:17;https://youtu.be/oveo5kiRZ9I;null;crayon;2020;1;2;12
Crazy Little Thing;Anja;3:42;https://youtu.be/oIjvpasfVss;null;crazy_little_thing;4;1;3;12
Criminal;Natti Natasha & Ozuna;3:15;https://youtu.be/SA6ixluCLyg?t=20;https://youtu.be/Hz2BbH6vIkM?t=20;criminal;2019;2;1;10
Crucified;Army of Lovers;3:26;https://youtu.be/IbRDYAksO-g?t=12;https://youtu.be/-pr3rRuk7pA?t=12;crucified;4;4;2;9
Crying Blood;V V Brown;2:27;https://youtu.be/rgmMRlghmvI?t=18;https://youtu.be/3l1VVZUlg18?t=18;crying_blood;2;1;1;9
Cupid Shuffle;Bryson Bernard;3:02;https://youtu.be/28l7qdlndFQ;null;cupid_shuffle;dc3;1;2;12
Cure For Me (Alternate);AURORA;3:29;https://youtu.be/vrcjXbPE5TU?t=26;null;cure_for_me_alternate;2024;1;2;11
D.A.N.C.E.;Justice;3:52;https://youtu.be/9ZuB2FmoEIw?t=12;https://youtu.be/ElY2W59fXQI?t=12;dance;2;1;1;9
DJ Got Us Fallin’ In Love;Usher;3:28;https://youtu.be/ld6-JJSjSH4?t=12;https://youtu.be/b9p-45X1T3g?t=12;dj_got_us_falling_in_love_again;2023;2;2;11
DNA;BTS;3:45;https://youtu.be/zxu_d0CbWEE;null;dna;fanmade;4;4;12
Daddy;PSY;3:40;https://youtu.be/AhYAqcFBPbU?t=15;https://youtu.be/y9WUm3QvHK0?t=15;daddy;2017;3;2;0
Daddy Cool;Boney M.;1:42;https://youtu.be/4Fn6D2Z5Kiw?t=1;https://youtu.be/CIGTLqZV8F4?t=1;daddy_cool;3;1;1;11
Dagomba; Sorcerer;3:41;https://youtu.be/QzxkVq_xAgQ;null;dagomba;2;1;2;12
Daisy;Ashnikko;2:45;https://youtu.be/WNmqQ7YvXcw;null;daisy;2022;1;1;12
Dame Tu Cosita;El Chombo ft. Cutty Ranks;2:18;https://youtu.be/W8IKV2Nigqs?t=10;https://youtu.be/MNNWa0luLTM?t=10;dame_tu_cosita;2019;1;1;11
Dance All Nite;Aneea;3:35;https://www.youtube.com/watch?v=3PDWSiB5uzM;null;dance_all_nite;3;1;3;11
Dance Monkey;Tones And I;3:27;https://youtu.be/Aa7V-zjlLtEv=bI7QZHzva-E&?t=11s;https://www.youtube.com/watch?v=bI7QZHzva-E&t=11s;dance_monkey;2021;1;2;0
Dance My Generation;Golden Bomber;3:51;https://youtu.be/jnSgXy5h4m8?t=2;https://youtu.be/o51oRYGtPbo?t=2;dance_my_generation;wiiu;1;1;10
Dancin (Krono Remix);Aaron Smith;3:12;https://youtu.be/6cHq-8PPorw?t=7;https://youtu.be/dnsHsSjyuzI?t=7;dancin;fanmade;1;1;10
Dancing Diva;jolin Tsai;3:07;https://youtu.be/htQRWz9cQ18;null;dancing_diva;china_or_something_idk;1;2;12
Dancing Queen (Prom Version);ABBA;3:33;https://youtu.be/DWR0TbciuzQ;null;dancing_queen_prom_version;other;1;1;12
Dancing Queen (solo);ABBA;3:41;https://youtu.be/i2OjhDFnc98?t=17;https://youtu.be/OQD75k0fHog?t=17;dancing_queen_solo;abbaycd;1;2;10
Dancing Queen (trio);ABBA;3:22;https://youtu.be/ukIPNPufc58?t=25;https://youtu.be/FS_alHzjCaU?t=25;dancing_queen_trio;2018;3;2;10
Danger! High Voltage;Electric Six;3:36;https://youtu.be/UGurpbmK_U8?t=8;https://youtu.be/JGfYow_P-Ko?t=8;danger_high_voltage;2023;2;2;11
Danger! High Voltage (8-bit);Electric Six;3:36;https://youtu.be/tEIvsbkr-J8;null;danger_high_voltage_alt;2023;1;2;12
Dançando;Ivete Sangalo;3:23;https://youtu.be/DnIbIXZwAYcv=ANG7_YnTp0g;https://www.youtube.com/watch?v=ANG7_YnTp0g;dancando;2014;1;2;10
Dare;Gorillaz;3:40;https://youtu.be/xT6TRdlpoGg?t=9;https://youtu.be/D-B2HauEFCA?t=9;dare;1;1;1;10
Dark Horse;Katy Perry;3:07;https://www.youtube.com/watch?v=nw02oh0e07E;null;dark_horse;2015;3;2;11
Ddu-Du Ddu-Du;BLACKPINK;3:22;https://youtu.be/lNprl9mWXik?t=8;https://youtu.be/_1Gd5nXtcKQ?t=8;ddu-du_ddu-du;2019;4;3;10
Despacito;Luis Fonsi;3:49;https://youtu.be/VMkTzeC0LzY;null;despacito;2018;1;4;12
Diamonds;Rihanna;3:45;https://youtu.be/r-0DPSlYuo0v=IsuP8fmaS7Q;https://www.youtube.com/watch?v=IsuP8fmaS7Q;diamonds;2015;1;1;0
Dibby Dibby Sound;DJ Fresh vs. Jay Fay ft. Ms. Dynamite;3:09;https://youtu.be/RRzZElCUjiU?t=4;https://youtu.be/t0_kd_yulXw?t=4;dibby_dibby_sound;2021;2;2;10
Die Young;Ke$ha;3:30;https://youtu.be/DZt1J4uIkNU?t=13;https://youtu.be/fr24_nygtSY?t=13;die_young;4;2;3;0
Diggin’ in the Dirt;Stefanie Heinzmann;3:36;https://youtu.be/AzVsMcJlAuU?t=25;https://youtu.be/dtw_KhXUv18?t=25;diggin_in_the_dirt;4;1;1;11
Diggy;Spencer Ludwig;3:09;https://youtu.be/GLTWGF8rh4Q?t=10;https://youtu.be/MM7ZPWnne2U?t=10;diggy;2018;1;2;10
Dingga;MAMAMOO;2:55;https://youtu.be/U4BHsOLyHMA?t=26;https://youtu.be/gtHYFSpSzdI?t=26;dingga;fanmade;1;3;10
Disco Inferno;The Trammps;3:30;https://youtu.be/RVp5ieCukxk?t=31;https://youtu.be/K1HbNosTSB0?t=31;disco_inferno;2023;1;1;11
Disturbia;Rihanna;3:53;https://youtu.be/ZT0YYiq9T7I?t=12;https://youtu.be/HyiOce29uio?t=12;disturbia;4;1;3;0
Domino;Jessie J;3:54;https://youtu.be/P5UEuA3axPI;null;domino;4;1;1;12
Don't Cha;The Pussycat Dolls ft. Busta Rhymes;4:41;https://youtu.be/6zAj9onLM0A;null;dont_cha;2024;3;2;12
Don't Cha (Extreme);The Pussycat Dolls;4:44;https://youtu.be/J3nl-dp2UtM;null;dont_cha_extreme;2024;1;4;12
Don't Rush;Young T ft. Bugsey;4:13;https://youtu.be/_hadAhouQ14;null;dont_rush;2024;2;3;12
Don't Start Now;Dua Lipa;2:55;https://youtu.be/tmHRZuxWc2Uv=SwH-_ErdN5g&star?t=20;https://www.youtube.com/watch?v=SwH-_ErdN5g&start=20;dont_start_now;2021;1;1;4
Don't Start Now (Extreme);Dua Lipa;3:04;https://youtu.be/RSBQGkVgC8U;null;dont_start_now_extreme;2021;1;4;12
Done For Me;Charlie Puth ft. Kehlani;3:14;https://youtu.be/N0NzeZQZjHk?t=13;null;done_for_me;unlimited;2;2;11
Don’t Let Me Down;The Chainsmokers ft. Daya;3:20;https://youtu.be/eq7KtYMPVGg?t=1;https://youtu.be/sxwHyNWZCy8?t=1;dont_let_me_down;2017;2;2;0
Don’t Stop Me Now (panda version);Queen;3:23;https://youtu.be/b2GIz9T22Uo?t=19;https://youtu.be/Zy0IfHXP6Bc?t=19;dont_stop_me_now_panda_version;2017;1;2;8
Don’t Worry; Madcon , Ray Dalton;3:34;https://youtu.be/YjiLpr5eHDc;null;dont_worry;2017;2;1;12
Don’t You Worry Child;Swedish House Mafia ft. John Martin;3:34;https://youtu.be/vBbBYGTrGAk?t=22;https://youtu.be/MA4ThTZHZFk?t=22;dont_you_worry_child;2014;1;2;11
Dragostea Din Tei;O-Zone;3:39;https://youtu.be/iyrVh-XzXKU;null;dragostea_din_tei;2017;3;1;12
Drop the Mambo;Diva Carmina;2:57;https://youtu.be/gN1e9pgh250v=ISgeWvyMYs4;https://www.youtube.com/watch?v=ISgeWvyMYs4;drop_the_mambo;2017;1;2;5
Drum Go Dum;K/DA;3:00;https://youtu.be/2959CnW1KB0?t=8;https://youtu.be/Mxo9lihDnsU?t=8;drum_go_dum;2021;4;4;10
Dynamite;Taio Cruz;3:16;https://youtu.be/K-G4S3aZwIIv=kjeJ5rbc4xI&?t=67s;https://www.youtube.com/watch?v=kjeJ5rbc4xI&t=67s;dynamite;3;4;1;0
Dynamite (Extreme);BTS;3:09;https://youtu.be/DH2zihK46Mc?t=21;https://youtu.be/KH8XwGXivQU?t=21;dynamite_extreme;2023;4;4;10
Dynamite - Alternative;BTS;3:27;https://youtu.be/m6hmocTEgx8;null;dynamite_-_alternative;2023;1;2;12
E.T.;Katy Perry;3:32;https://youtu.be/0Xea5wE9KYs?t=23;https://youtu.be/woHNwNxpgzQ?t=23;et;3;1;1;11
Earth Song;Michael Jackson;4:28;https://youtu.be/wg1PO7D6qe4?t=28;https://youtu.be/8jKL_eExDg8?t=28;earth_song;mje;1;2;9
Empire Today;Kinect Star Wars;3:20;https://youtu.be/8N-BLCqoSvcv=W7bmXywWus8;https://www.youtube.com/watch?v=W7bmXywWus8;empire_today;ksw;1;2;11
Enemy;Imagine Dragons;2:49;https://youtu.be/R0cDfelQPFQ?t=26;https://youtu.be/sMw3tlAIOwU?t=26;enemy;fanmade;1;2;10
Error;Natalia Nykiel;3:56;https://youtu.be/WxERBp1Ueuw;null;error;2018;1;2;12
Euphoria;Loreen;3:18;https://youtu.be/bYXG6M0WuQM;null;euphoria;2023;1;1;12
Everybody;Backstreet Boys;3:27;https://youtu.be/DJjc6GQpUYs?t=15;https://youtu.be/jWdv2daMowE?t=15;everybody;2020;4;1;10
Eye of the Tiger;Survivor;3:34;https://youtu.be/-W0rHYVV-sw?t=12;https://youtu.be/C_VKUVmGApg?t=12;eye_of_the_tiger;1;1;1;11
Faded;Alan Walker;3:47;https://www.youtube.com/watch?v=XZf18iGjhTc;null;faded;fanmade;1;3;12
Familiar;Liam Payne & J Balvin;3:11;https://youtu.be/WEJVYcJygxM?t=8;https://youtu.be/TGgbqxwJnJw?t=8;familiar;3:12;1;1;9
Fancy;Twice;3:24;https://youtu.be/DQpOIIQGMyY?t=6;https://youtu.be/kWHPWtDTcJw?t=6;fancy;2020;3;2;10
Fancy;Iggy Azalea ft. Charli XCX;3:23;https://youtu.be/qjLdgjEBScM;null;im_so_fancy;2016;3;2;12
Fancy Footwork;Chromeo;3:18;https://youtu.be/vmfzs6K6yBg;null;fancy_footwork;2020;1;3;12
Fantastic Baby;Big Bang;3:52;https://youtu.be/eBKJwmw8Qfs?t=2;https://youtu.be/myT--GX1U2A?t=2;fantastic_baby;wiiu;1;3;11
Farfalle;Sangiovanni;3:20;https://youtu.be/K3yoZ450PQk;null;farfalle;2023;1;4;12
Feel It Still;Portugal. The Man;2:32;https://youtu.be/fSeeEnCQgVk?t=11;https://youtu.be/f4Be5BSN3ZY?t=11;feel_it_still;unlimited;1;2;11
Feel So Right;Imposs ft. Konshens;3:00;https://youtu.be/1s5bfGKr0QI;null;feel_so_right;2014;1;2;12
Feel Special;Twice;3:34;https://youtu.be/Cn23iSq0YfA;null;feel_special;2021;3;1;12
Feel Special (Extreme);TWICE;3:23;https://youtu.be/0GHUSytfgQU;null;feel_special_extreme;2021;1;4;12
Feel This Moment;Pitbull ft. Christina Aguilera;3:46;https://youtu.be/w9PKpM9mLhE;https://youtu.be/xwhH9e3UA4w;feel_this_moment;2014;1;1;9
Fine China;Chris Brown;3:16;https://youtu.be/VXbFYjQbOAY?t=14;https://youtu.be/xCos06dCp78?t=14;fine_china;2014;1;2;9
Fine China (Extreme);Chris Brown;3:25;https://youtu.be/goYnjQ1m3K0v=1oHSITJ5pdI;https://www.youtube.com/watch?v=1oHSITJ5pdI;fine_china_extreme;2014;1;4;11
Finesse (extreme);Bruno Mars ft. Cardi B;3:34;https://youtu.be/-OFM0mrcJqc?t=19;https://youtu.be/uJUBq1jDp4I?t=19;finesse_extreme;2019;1;4;10
Firework;Katy Perry;3:44;https://youtu.be/ZK3PsnJWSkov=s07O89d-DEY;https://www.youtube.com/watch?v=s07O89d-DEY;firework;2;1;1;0
Fit But You Know It;The Streets;3:02;https://youtu.be/JUpWqShLWm0?t=19;https://youtu.be/D3ctF8GNYaQ?t=19;fit_but_you_know_it;2020;1;1;11
Five Nights At Freddy's;The Living Tombstone;2:29;https://youtu.be/CG_EDg_fnsU?t=10;https://youtu.be/wKc_XDSZ94g?t=10;five_nights_at_freddys;fanmade;1;2;11
Flash Pose;Pabllo Vittar ft. Charli XCX;2:32;https://youtu.be/T_JhLEreunY;null;flash_pose;2022;3;2;12
Flowers;Miley Cyrus;3:22;https://youtu.be/mwbILZjrdQo;null;flowers;2024;1;1;12
Follow The White Rabbit;Madison Beer;2:53;https://youtu.be/L0ZPyjYD7ygv=BfzUcCRy-dQ;https://www.youtube.com/watch?v=BfzUcCRy-dQ;follow_the_white_rabbit;unlimited;1;2;11
Follow the Leader;Wisin & Yandel Ft. Jennifer Lopez;4:00;https://youtu.be/ms4NYqSVXB4v=nFyzYI6TiTw;https://www.youtube.com/watch?v=nFyzYI6TiTw;follow_the_leader;2014;1;3;3
Footloose;Kenny Loggins;2:50;https://youtu.be/KdWUgGdw6Iw?t=3;https://youtu.be/PDJKQxekPYs?t=3;footloose;2018;1;2;10
Forget you;CeeLo Green;3:38;https://youtu.be/hAyLNHn50q0?t=16;https://youtu.be/AdBD862jqts?t=16;forget_you;3;1;2;0
Fortnite Dance Remix;Citron00zeste;2:34;https://youtu.be/q1SE-5_BfSQ?t=6;https://youtu.be/5KQBiHzv_Ik?t=6;fortnite_dance_remix;fanmade;1;1;11
Freed from Desire;Gala;3:39;https://vimeo.com/874402082?share=copy#?t=20;https://www.youtube.com/watch?v=lqgjQyWC3lQ?t=20;freed_from_desire;2022;1;2;0
Fun;Pitbull ft. Chris Brown;3:16;https://youtu.be/JAJMvlEtpqI?t=17;https://youtu.be/-KTNoL9Y_LM?t=17;fun;2016;1;2;9
Funhouse;P!nk;3:22;https://youtu.be/0G_KHZcEYdQ?t=16;https://youtu.be/RidoGmZqX8Y?t=16;funhouse;4;1;3;10
Funkytown;Lips Inc.;3:44;https://youtu.be/My9eOT87Ejc?t=24;https://youtu.be/aSyRGVHMDRw?t=24;funky_town;2;1;1;11
Gangnam Style;Psy;3:30;https://youtu.be/7sRfGRILFMwv=AV1biKT426I;https://www.youtube.com/watch?v=AV1biKT426I;gangnam_style;4;2;2;0
Gargamel;Tom Zehnder and Mike Eagle;2:12;https://youtu.be/nidk1EJHNNg?t=21;https://youtu.be/49HcKtlh0nw?t=21;gargamel;smurfs;1;1;11
Gee;Girls Generation;3:24;https://youtu.be/THXPU1ALhW8;null;gee;china_or_something_idk;3;2;12
Gentleman;Psy;3:11;https://youtu.be/xnBwe6buAaQv=d4SwBI-xVLk&?t=19s;https://www.youtube.com/watch?v=d4SwBI-xVLk&t=19s;gentleman;2014;1;2;0
Geragerapō No Uta;King Cream Soda ;2:37;https://youtu.be/7zoTxjmTSP0;null;geragerapo_no_uta;ykwd;4;1;12
Gerappo Dance Train;King Cream Soda;2:29;https://youtu.be/V4xCh5zNvnQ?t=12;https://youtu.be/Fld93ff9rW8?t=12;gerappo_dance_train;ykwd;2;1;11
Get Busy;KOYOTIE;3:04;https://youtu.be/JysNuJNuIJ0;null;get_busy;2020;2;2;12
Get Get Down;Paul Johnson;3:02;https://youtu.be/gPyxYhWVKR8?t=8;https://youtu.be/ba8aA-6P2nQ?t=8;get_get_down;2021;4;2;11
Get Lucky;Daft Punk ft. Pharrell Williams;3:55;https://youtu.be/KacqBXBfuhUv=XmMfTjyGoCQ;https://www.youtube.com/watch?v=XmMfTjyGoCQ;get_lucky;2014;2;2;10
Get Ugly;Jason Derulo;4:34;https://youtu.be/t0AAcbmS0HI;null;get_ugly;2017;3;3;12
Ghost 'n' Stuff;deadmau5;4:00;https://youtu.be/eagBCwBMORov=84YXPw4htnQ;https://www.youtube.com/watch?v=84YXPw4htnQ;ghost_n_stuff;ksw;1;3;11
Ghost In The Keys;Halloween Thrills;3:28;https://youtu.be/Qqw_NernvzQv=u9bgVvN1i_Y;https://www.youtube.com/watch?v=u9bgVvN1i_Y;ghost_in_the_keys;2017;4;1;11
Ghostbusters (sweat version);Ray Parker Jr.;3:33;https://youtu.be/v27ac2GL_10v=znqEBtbSSIQ;https://www.youtube.com/watch?v=znqEBtbSSIQ;ghostbusters;2014;1;2;0
Ghosts;Michael Jackson;5:11;https://youtu.be/535X2e9RAMg?t=32;https://youtu.be/535X2e9RAMg?t=32;ghosts;mje;3;2;11
Gibberish;Max;3:02;https://youtu.be/6I-t46DqgdA;null;gibberish;2016;2;3;12
Gimme More;Britney Spears;4:11;https://youtu.be/_K6UXGK1zkA;null;gimme_more;2024;1;2;12
Gimme That;Chris Brown;2:57;https://www.youtube.com/watch?v=RJKh94UE2OE;null;gimme_that;fanmade;1;2;11
Gimme! Gimme! Gimme! (A Man After Midnight);ABBA;4:00;https://youtu.be/Jna_4PZNsFQ?t=22;https://youtu.be/-HJ-2RtRp-A?t=22;gimme_gimme_gimme;abbaycd;1;1;11
Girl Like Me (fanmade);Black Eyed Peas & Shakira;3:39;https://youtu.be/tH5r6eymCO8?t=22;https://youtu.be/78spX41CBNY?t=22;girl_like_me_fanmade;fanmade;1;3;10
Girlfriend;Avril Lavigne;3:31;https://youtu.be/bmbgpC96V0U?t=7;https://youtu.be/VFUWO-Q-fPY?t=7;girlfriend;2;2;2;1
Girls Just Want to Have Fun;Cyndi Lauper;2:54;https://youtu.be/ypmxeMnG4Ac?t=23;https://youtu.be/SQheJ2xXYXA?t=23;girls_just_wanna_have_fun;1;1;1;11
Girls Like;Tinie Tempah ft. Zara Larsson;3:16;https://youtu.be/34bvtbY9plc;null;girls_like;2021;3;2;12
Give Me Everything;Pitbull ft. Nayer, Ne-Yo, Afrojack;3:40;https://youtu.be/H65co27WNAg?t=24;null;give_me_everything;fanmade;4;1;11
Give That Wolf A Banana;Subwoolfer;2:45;https://youtu.be/dAXO1XXixkY?t=15;https://youtu.be/wVLPBqliMe4?t=15;give_that_wolf_a_banana;plus;2;2;11
God Is A Woman;Ariana Grande;4:05;https://youtu.be/0xUpOeiCIW0;null;god_is_a_woman;2020;1;3;12
God is a Woman (Alternate Seated Ver.);Ariana Grande;3:17;https://youtu.be/EkJbB-1tWs0;null;god_is_a_woman_alternate_seated_ver;2020;1;2;12
Gokuraku Joudo;GARNiDELiA;3:34;https://youtu.be/aqHjN5YPLho;null;gokuraku_joudo;china_or_something_idk;3;4;12
Gold Dust;DJ Fresh;2:56;https://youtu.be/N4nma7ttLvov=_eBoCoJuqR4;https://www.youtube.com/watch?v=_eBoCoJuqR4;gold_dust;4;1;2;10
Gonna Make You Sweat (Everybody Dance Now);C+C Music Factory ft. Freedom Williams;3:19;https://youtu.be/nrS3W9_zsgE?t=10;https://youtu.be/HIrEF0RZ5dQ?t=10;gonna_make_you_sweat;2;1;2;11
Good 4 U;Olivia Rodrigo;2:50;https://youtu.be/3Fg89vWWre4v=pBngwEQ2B4s;https://www.youtube.com/watch?v=pBngwEQ2B4s;good_4_u;2022;1;2;8
Good Feeling;Flo Rida;4:04;https://youtu.be/WdwVurGRoEU?t=8;https://youtu.be/VDR-jJnVqPc?t=8;good_feeling;4;1;2;1
Good Feeling (extreme version);Flo Rida;4:05;https://youtu.be/K1UCle2XtmM?t=5;https://youtu.be/--74o20SmOs?t=5;good_feeling_extreme;4;1;4;0
Good Time;Owl City ft. Carly Rae Jepson;3:25;https://youtu.be/fTXjpBTYHso;null;good_time;fanmade;1;2;12
Good ones;Charlie XCX;2:38;https://youtu.be/vj8LawvHnjU;null;good_ones;2023;1;1;12
Greedy;Tate McRae;2:16;https://youtu.be/93tQ7x0u-aE;null;greedy;2024;1;3;12
Groove;Jack & Jack;3:09;https://youtu.be/Pc1sejnWNGI?t=23;https://youtu.be/2GE4hc83D5g?t=23;groove;2017;2;2;11
HIP;MAMAMOO;3:11;https://youtu.be/eCdTBWQH3zw?t=25;https://youtu.be/Wmy0e-jRaJ8?t=25;hip;fanmade;1;3;11
HandClap;Fitz and the Tantrums ;3:12;https://youtu.be/jDzvKZwwuaU;null;handclap;2016;3;2;12
HandClap (World Cup Champion Version);Fitz and the Tantrums;3:03;https://youtu.be/_BGD7h3cgmkv=jgbX26OOE6s;https://www.youtube.com/watch?v=jgbX26OOE6s;hand_clap_world_cup_version;2017;1;4;10
Happier;Marshmello ft. Bastille;3:31;https://youtu.be/xrNsqxFPEKs;null;happier;fanmade;1;2;12
Happier Than Ever;Billie Eilish;3:38;https://youtu.be/dJdMO0ZMePc;null;happier_than_ever;2022;1;2;12
Happy;Pharrell Williams;2:49;https://youtu.be/wd_JvLr_ingv=3C1z4x99i00;https://www.youtube.com/watch?v=3C1z4x99i00;happy;2015;1;1;7
Happy Birthday To You;Patty Hill and Mildred J. Hill;2:10;https://youtu.be/rJvPnkakszU;null;happy_birthday_to_you;other;1;1;12
Harajuku Iyahoi;Kyary Pamyu Pamyu;3:25;https://youtu.be/AI2FJoS6804v=ARnq0Pp1QNU;https://www.youtube.com/watch?v=ARnq0Pp1QNU;harajuku_iyahoi;fanmade;1;1;10
Hatsukoitōge de Geragerapō;King Cream Soda;2:34;https://youtu.be/Ysvbq96HAxM;null;hatsukoitoge_de_geragerapo;ykwd;1;2;12
Havana;Camila Cabello;3:30;https://youtu.be/Y75uC-X2Mkwv=WNM0VWlMSYo&?t=13s;https://www.youtube.com/watch?v=WNM0VWlMSYo&t=13s;havana;fanmade;1;3;7
Havana (Tango Version);Camila Cabello;3:38;https://youtu.be/w_zlAvYA0OU?t=2;null;havana_alternate;2019;2;3;11
Head & Heart;Joel Corry Ft. Minek;3:18;https://youtu.be/xBWyIDJEYeo;null;head_&_heart;2021;2;2;12
Heartbeat Song;Kelly Clarkson;3:19;https://youtu.be/0EGYMc7FPmI?t=15;https://youtu.be/gZPOjWTkwbE?t=15;heartbeat_song;2016;1;1;11
Heat Seeker;Dreamers;3:03;https://youtu.be/EhyavKWi3Ks;null;heat_seeker;2021;1;2;12
Heat Waves;Glass Animals;3:37;https://youtu.be/kYZQqHMHrqYv=TcvVjqJBuMY&?t=2s;https://www.youtube.com/watch?v=TcvVjqJBuMY&t=2s;heat_waves;2023;1;2;10
Hey Jessie;Debby Ryan;2:32;https://youtu.be/sPuYWFTTvyU?t=16;https://youtu.be/fysLNA18McY?t=16;hey_jessie;disneyparty;1;2;11
Hey Mama;David Guetta ft. Nicki Minaj, Bebe Rexha & Afrojack;3:10;https://youtu.be/7xH6jbMwO1Mv=CTjrlrO1ZSE;https://www.youtube.com/watch?v=CTjrlrO1ZSE;hey_mama;2016;3;2;4
Hey Ya!;Outkast;3:40;https://youtu.be/qy17dJc_pdw?t=24;https://youtu.be/9Uk94dQ6z4Y?t=24;hey_ya;2;1;2;10
Hips Don’t Lie;Shakira ft. Wyclef Jean;3:33;https://youtu.be/zwxGtNhHbLEv=uN5Oyeu-i_g;https://www.youtube.com/watch?v=uN5Oyeu-i_g;hips_dont_lie;2017;1;2;10
Hit ’Em Up Style (Oops!);Blu Cantrell;3:48;https://youtu.be/N_qqzdMV7QU?t=24;https://youtu.be/rC9xlF9745Q?t=24;hit_em_up_style;4;1;1;11
Hold My Hand;Jess Glynne;3:46;https://youtu.be/Q720fw4KRgI?t=18;https://youtu.be/nIdBWUJxFvA?t=18;hold_my_hand;2016;1;1;10
Holding Out for a Hero;Bonnie Tyler;3:46;https://youtu.be/Deh-sd-uTOc?t=3;null;holding_out_for_a_hero;2015;1;2;11
Hollaback Girl;Gwen Stefani;3:27;https://youtu.be/E8iYFSwNQQE;null;hollaback_girl;2024;1;2;12
Hot For Me;A.K.A;3:21;https://youtu.be/mfUAH9sXAEk;null;hot_for_me;4;1;2;12
Hot N Cold;Katy Perry;3:30;https://youtu.be/4lOtWm-j33Y?t=20;https://youtu.be/ctTTwTU1Wkc?t=20;hot_n_cold;1;1;1;0
How Far I'll Go;Disney's Moana;2:36;https://youtu.be/r5AkW7HH3oM;null;how_far_ill_go;2018;1;2;12
Human;Sevdaliza;2:53;https://youtu.be/pr2METtBOgo?t=14;https://youtu.be/hpS-OPymdfM?t=14;human;2022;1;3;11
Human ;Christina Perry;4:10;https://youtu.be/WF8esm4R-Fs;null;human_christina;fanmade;1;1;12
Hype;Dizzee Rascal & Calvin Harris;3:32;https://youtu.be/LQIhLB-9ELw?t=8;https://youtu.be/C36Li9I0k98?t=8;hype;unlimited;1;3;11
I Am My Own Muse;Fall Out Boy;3:50;https://youtu.be/RU2LWACeEgg?t=25;null;i_am_my_own_muse;2024;1;3;11
I Am The Best (Extreme Version);2NE1;3:27;https://youtu.be/sFHqs6GrGig;null;i_am_the_best_extreme_version;2020;1;4;12
I Am the Best (내가 제일 잘 나가);2NE1;3:27;https://youtu.be/T75McKj1FF4?t=13;null;i_am_the_best;2020;3;3;11
I Don’t Feel Like Dancin’;Scissor Sisters;4:34;https://youtu.be/fzHuBl6gSmQ?t=16;https://youtu.be/7afPuHd0o0c?t=16;i_dont_feel_like_dancin;3;1;2;10
I Feel It Coming;The Weeknd ft. Daft Punk;3:25;https://youtu.be/zranBofCtQgv=2MxwFDe6AJE;https://www.youtube.com/watch?v=2MxwFDe6AJE;i_feel_it_coming;2019;1;1;10
I Gotta Feeling;The Black Eyed Peas;3:40;https://youtu.be/wdMGpYr2tNE?t=28;https://youtu.be/eB2gyY6WUt4?t=28;i_gotta_feeling;2016;1;2;8
I Kissed a Girl;Katy Perry;3:04;https://youtu.be/ejQsBO-y8jQv=BHKaAuS7mCA;https://www.youtube.com/watch?v=BHKaAuS7mCA;i_kissed_a_girl;2014;1;2;0
I Knew You Were Trouble;Taylor Swift;3:52;https://youtu.be/JUoVYHH-xOI;null;i_knew_you_were_trouble;2023;1;2;12
I Like to Move It;Reel 2 Real;3:52;https://youtu.be/YkWNwlYIiFM?t=10;https://youtu.be/1hnKGbRWWRA?t=10;i_like_to_move_it;1;1;1;11
I Want You Back;The Jackson 5;2:45;https://youtu.be/5z_DQUHbvb8?t=22;https://youtu.be/I6GiM2HHJ7c?t=22;i_want_you_back;2;1;2;11
I Was Made For Lovin’ You;Kiss;4:06;https://youtu.be/UuMElDHFbosv=SfOGP7SIm28;https://www.youtube.com/watch?v=SfOGP7SIm28;i_was_made_for_loving_you;3;4;1;11
I Will Survive;Gloria Gaynor;3:03;https://youtu.be/sVqxcZQuIjU;https://youtu.be/eiBBgkucobI;i_will_survive;2014;1;1;9
I like it;Cardi B, Bad Bunny & J Balvin;4:11;https://youtu.be/9K3lghAL9qU;null;i_like_it;2020;3;2;12
I love it;Icona Pop feat. Charli XCX;2:35;https://youtu.be/KtnINqZLUzsv=g5CYyYdRJN8;https://www.youtube.com/watch?v=g5CYyYdRJN8;i_love_it;2015;1;3;0
I need your love;Calvin Harris ft. Ellie Goulding;3:50;https://youtu.be/AziKhASGNe0?t=8;https://youtu.be/_cPgq7JABZU?t=8;i_need_your_love;2014;1;2;10
I wanna dance with somebody;Whitney Houston;5:06;https://youtu.be/OVZcxQjXwGk;null;i_wanna_dance_with_somebody;2024;1;2;12
I'm Good (Blue);
David Guetta & Bebe Rexha;3:12;https://youtu.be/NAKZ_LvxFno;null;im_good_blue;2024;2;2;12
I'm Good (Blue) (Extreme Version);David Guetta & Bebe Rexha;3:01;https://youtu.be/YAlYbWPDITQ;null;im_good_blue_extreme_version;2024;1;4;12
I'm Han Solo;Kinect Star Wars;2:30;https://youtu.be/oyDP25XnzHM?t=9;https://youtu.be/lg_FoEy8T_A?t=9;im_han_solo;ksw;1;1;11
I'm Still Standing;Elton John;3:37;https://youtu.be/YlyGUwplh6kv=uTKaWCf58c8;https://www.youtube.com/watch?v=uTKaWCf58c8;i'm_still_standing;2019;1;1;0
I'm a Marionette;ABBA;4:06;https://youtu.be/A1pINeINab0;null;im_a_marionette;other;2;2;12
I'm an Albatroaz;AronChupa;2:36;https://youtu.be/_g6BMIcsQZYv=8wkOoDcBzvM;https://www.youtube.com/watch?v=8wkOoDcBzvM;im_an_albatraoz;2016;1;3;0
Ice Cream;BLACKPINK, Selena Gomez;2:56;https://youtu.be/rd4NvcHWWso;null;ice_cream;2021;4;3;12
Idol Wa Ooh-Nya-Nya No Ken;NyaKB with Tsuchinoko Panda;2:20;https://youtu.be/Ispn_fd_r74?t=5;https://youtu.be/avgHG-jskFg?t=5;idol;yokai_special;1;2;11
Ievan Polkka;Hatsune Miku;2:30;https://youtu.be/rcw8D0iDB4A;null;ievan_polkka;2016;1;1;12
If You Wanna Party;The Just Dancers;3:07;https://youtu.be/ggyhYxdYotg?t=17;https://youtu.be/w0mtnuf78NQ?t=17;if_you_wanna_party;2023;1;2;10
Iko Iko;Mardi Gras;2:28;https://youtu.be/MJ6NCrPOW9w?t=8;https://youtu.be/XsKj9vcwO1Y?t=8;iko_iko;2;1;1;9
Ikuze! Kaitō Shōjo;ももいろクローバーZ;3:35;https://youtu.be/sOM0pMKr4Dk?t=3;https://youtu.be/OPf18Br1xUA?t=3;ikuze;wiiu;2;3;10
In the Hall of the Pixel King;Dancing Bros.;2:34;https://youtu.be/ECofu-zPoWA?t=12;https://youtu.be/h-Wui71XoVs?t=12;in_the_hall_of_the_pixel_king;2018;1;2;11
Industry Baby;Lil Nas X;3:13;https://youtu.be/oE27prOHDXo?t=8;https://youtu.be/-iHkGetSQWY?t=8;industry_baby;fanmade;1;2;11
Instruction;Jax Jones ft. Demi Lovato & Stefflon Don;2:43;https://youtu.be/cHE62ItKh3A?t=13;https://youtu.be/FC7NCLquNJ0?t=13;instruction;2018;1;1;11
Into You;Ariana Grande;3:55;https://youtu.be/cYS25gqFp0o?t=10;https://youtu.be/WyAwc_c20lQ?t=10;into_you;2017;1;2;7
Into the Unknown;Idina Menzel ft. AURORA;3:09;https://youtu.be/hn8I5TAbjOIv=dwZZRQDLcKE;https://www.youtube.com/watch?v=dwZZRQDLcKE;into_the_unknown;2023;1;1;9
Istanbul (Not Constantinople);The Four Lads;2:10;https://youtu.be/3DGTfXjLuvA?t=25;https://youtu.be/pAYTpjB1-Ng?t=25;istanbul;4;4;1;10
It's You;Duck Sauce;2:40;https://youtu.be/Yd_Kt1TzWAYv=KBrgalhOLw8;https://www.youtube.com/watch?v=KBrgalhOLw8;its_you;2014;1;2;0
It's the Most Wonderful Time of the Year;Andy Williams;2:38;https://youtu.be/Ad535niXs84;null;its_the_most_wonderful_time_of_the_year;2024;3;1;12
It’s Raining Men;The Weather Girls;3:37;https://youtu.be/-DiFMzEheI0v=dKyTqUWQiSQ;https://www.youtube.com/watch?v=dKyTqUWQiSQ;its_raining_men;2;1;1;10
I’ll Make a Man Out of You;Disney’s Mulan;3:24;https://youtu.be/6o31evcxw0g;null;ill_make_a_man_out_of_you;2023;1;2;12
I’m Outta Love;Anastacia;3:33;https://youtu.be/0tMVb8U0mMc;null;im_outta_love;2022;1;1;12
I’ve Got a Dream;Brad Garrett, Tangled Ensemble, Jeffrey Tambor, Mandy Moore, and Zachary Levi;2:37;https://youtu.be/k7PWX_vS2HQ?t=21;https://youtu.be/0jC4wlsoNkk?t=21;ive_got_a_dream;disneyparty;1;2;11
Je sais pas danser;Natoo;3:19;https://youtu.be/ztxJirqzXdM;null;je_sais_pas_danser;2016;1;1;12
Jingle Bells;James Lord Pierpont;1:40;https://youtu.be/Czf-7UMtL78v=jBsBgkyYB68;https://www.youtube.com/watch?v=jBsBgkyYB68;jingle_bells;2019;2;1;11
Jinsei Dramatic;King Cream Soda;2:07;https://youtu.be/Ky3jnDw8WWY?t=15;https://youtu.be/1pY4EcBkH1Y?t=15;jinsei_dramatic;ykwd;2;2;11
John Cena;Sho Madjozi;2:57;https://youtu.be/gOe8TAti5jo?t=4;https://youtu.be/Ejo0bEwk-sA?t=4;john_cena;unlimited;1;3;11
Jopping;SuperM;4:06;https://youtu.be/QgcR5RasTqI?t=15;null;jopping;2022;3;4;11
Judas;Lady Gaga;4:06;https://youtu.be/XECO420H_G0?t=12;https://youtu.be/VjmucRyOB18?t=12;judas;2022;1;2;0
Juice;Lizzo;3:13;https://youtu.be/J4JsXo9ZDdQ?t=5;https://youtu.be/ik3J5mEIeMg?t=5;juice;2021;3;2;9
Juice (Yummy Version);Lizzo;3:25;https://youtu.be/Cs6Yum1c1Pg;null;juice_yummy_version;2021;3;2;12
Jump;Kriss Kross;3:00;https://youtu.be/2cNAPbqjIFQ?t=18;https://youtu.be/tT7UdfviJvU?t=18;jump;2;2;2;10
Jungle Boogie;Kool & the Gang;3:00;https://youtu.be/6x7r4KLwKew?t=22;https://youtu.be/nLfZ8um5fAU?t=22;jungle_boogie;2;1;2;11
Just Dance;Lady Gaga;3:56;https://youtu.be/FI-F7EfQ1Qsv=mfqHc5fvJok&?t=7s;https://www.youtube.com/watch?v=mfqHc5fvJok&t=7s;just_dance;2014;1;2;7
Just Got Paid;Sigala, Ella Eyre, Meghan Trainor ft. French Montana ;3:32;https://youtu.be/JgMxkxPYFyc?t=23;https://youtu.be/SHIL6F4fz_Y?t=23;just_got_paid;fanmade;1;3;7
Just Mario;Koji Kondo;3:13;https://youtu.be/pYoOiF2fyp0?t=5;https://youtu.be/RxwziZzFef4?t=5;just_mario;wii;1;2;11
Just an Illusion;Equinox Stars;3:28;https://youtu.be/I_aEz6Om4bI;null;just_an_illusion;2020;2;2;12
Just the way you are;BRUNO MARS;3:30;https://youtu.be/ku7c5Jq81ls?t=8;https://youtu.be/oibMicSxMVQ?t=8;just_the_way_you_are;ksw;1;2;11
Kashyyyk;Kinect Star Wars;4:40;https://youtu.be/WYBDQ-yYStU;null;kashyyyk;other;1;3;12
Keep In Touch;JD McCrary;3:18;https://youtu.be/yC5v09J9MN4;null;keep_in_touch;2020;1;2;12
Kick It;NCT 127;3:31;https://youtu.be/zo5wOdZWxXY?t=23;https://youtu.be/otZUfAnm5hU?t=23;kick_it;2021;4;3;10
Kick It (extreme);NCT 127;3:30;https://youtu.be/09qFoFMuQL0?t=10;https://youtu.be/dgRPSe_ww_Y?t=10;kick_it_extreme;2021;1;4;10
Kill Bill;SZA;2:30;https://youtu.be/XCfK83rTVeE?t=13;https://youtu.be/aJM32zrklts?t=13;kill_bill;2024;1;2;11
Kill This Love;BLACKPINK;3:00;https://youtu.be/1YnCuF6FFxU;https://youtu.be/ZJDGYFhyOm0&start=23;kill_this_love;2020;4;3;4
Kill This Love (Extreme);Blackpink;3:09;https://youtu.be/5M9YO4P_mX8?t=5;https://youtu.be/NaCN2YdmVcY?t=5;kill_this_love_extreme;2020;1;4;11
Kings & Queens;Ava Max;2:33;https://youtu.be/K14ZxHg4wMc?t=21;https://youtu.be/jsdmCmwtKvs?t=21;kings_&_queens;fanmade;1;2;5
Kiss Me More;Doja Cat , SZA;3:32;https://youtu.be/JzNFxofLzw4;null;kiss_me_more;2022;2;2;12
Kissing Strangers (Charleston Version);DNCE ft. Nicki Minaj;3:12;https://youtu.be/sWPc0Sn2DRgv=Amu9tVa6ljE;https://www.youtube.com/watch?v=Amu9tVa6ljE;kissing_strangers;2018;2;3;9
Know No Better;Major Lazer;3:14;https://youtu.be/ge1bULSXS7A?t=12;https://youtu.be/autf3UCf38E?t=12;know_no_better;fanmade;1;2;10
Koi;Gen Hoshino;4:07;https://youtu.be/dc7_C2wcroc?t=12;https://youtu.be/BkFA7RE_BHE?t=12;koi;2022;3;3;9
Kulikitaka;Toño Rosario;2:52;https://youtu.be/uXzEZ35cKRcv=R7duVH5s04I;https://www.youtube.com/watch?v=R7duVH5s04I;kulikitaka;2021;1;1;10
Kung Fu Fighting;Carl Douglas;3:06;https://youtu.be/BnC_Md9fqaU?t=17;https://youtu.be/3blcf82Ck8A?t=17;kung_fu_fighting;2;2;2;11
Lacrimosa;Apashe;3:48;https://youtu.be/NHgAdpU-lTo;null;lacrimosa;2021;1;2;12
Last Friday Night;Last Friday Night;3:36;https://youtu.be/0VLuieW5JZAv=Mplmz-iYH1Q;https://www.youtube.com/watch?v=Mplmz-iYH1Q;last_friday_night;2022;1;1;7
Last Night;Diddy feat. Keyshia Cole ;2:25;https://youtu.be/lzN1uUIx-xw;null;last_night;china_or_smth_idk;1;1;12
Le Freak ;Chick ;3:38;https://youtu.be/mBsvjmrC83U;null;le_freak;1;1;1;12
Lean On;Major Lazer & DJ Snake ft. MØ;2:50;https://youtu.be/4CczU0JBhs4;https://youtu.be/DmdWbGtVwJg;lean_on;2017;4;2;8
Leave Me Alone;Michael Jackson;4:43;https://youtu.be/utgiBJ57mNM?t=14;null;leave_me_alone;mje;1;2;11
Let It Go (Sing Along);Idina Menzel;3:30;https://youtu.be/h0uuJxoIrhk?t=9;https://youtu.be/lQDRQ3ZGFWY?t=9;let_it_go_sing_along;2015;1;1;11
Let Me Love You;DJ Snake ft. Justin Bieber;3:28;https://youtu.be/eutcWJ2zPpU?t=17;https://youtu.be/WutYUUTl7L8?t=17;let_me_love_you;2017;2;2;11
Let’s Groove;Earth, Wind & Fire;3:05;https://youtu.be/ffForH-dOkc?t=6;https://youtu.be/Xo4fUK3GHFs?t=6;lets_groove;2016;3;2;10
Level Up;Ciara;3:17;https://youtu.be/yS0yfVlkjqQ?t=9;https://youtu.be/3Nfo7Tzrh_M?t=9;level_up;2022;3;2;11
Levitating;Dua Lipa;3:08;https://youtu.be/wGUqHfIajEM?t=14;https://youtu.be/ZUL5-mYg_us?t=14;levitating;2022;1;1;10
Levitating (extreme);Dua Lipa;3:15;https://youtu.be/LjnT7YhgDE8?t=28;https://youtu.be/z2V3EHgNy78?t=28;levitating_extreme;2022;1;4;9
Lights;Ellie Goulding;3:13;https://youtu.be/Zmi7kVbR4XIv=SizfEIfbfRA&?t=7s;https://www.youtube.com/watch?v=SizfEIfbfRA&t=7s;lights;2016;1;2;6
Like Whoa;Aly & AJ;2:36;https://youtu.be/LXZ_fROUjJ8?t=20;https://youtu.be/9uAdejob_oY?t=20;like_whoa;sendhelp;1;1;11
Limbo;Daddy Yankee;3:29;https://youtu.be/oLOtQ2-s_6Yv=zSKJrevtY0c;https://www.youtube.com/watch?v=zSKJrevtY0c;limbo;2014;2;3;10
Little Swing;AronChupa ft. Little Sis Nora;2:33;https://youtu.be/kTqIkpL7fY4?t=19;https://youtu.be/__vYzVY_E0A?t=19;little_swing;2017;2;2;10
Livin’ La Vida Loca;Ricky Martin;3:39;https://youtu.be/PXz4VxAUwYs?t=10;https://youtu.be/JcPxDuVnfWc?t=10;livin_la_vida_loca;4;1;3;4
Locked Out of Heaven;Bruno Mars;3:48;https://youtu.be/ss4Y_cVjLNQ?t=19;https://youtu.be/mF3uPAH3bEQ?t=19;locked_out_of_heaven;2023;1;2;10
Lollipop;Mika;3:08;https://youtu.be/15brBOyKhd0;null;lollipop;3;1;1;12
Lollipop;Lil Wayne ft. Static Major;4:59;https://youtu.be/LVLk3xG8wkU;null;lollipop_dc;other;1;2;12
Love Boat;Jack Jones;2:47;https://youtu.be/yNPUziVTXiIv=Krjc3jZW634;https://www.youtube.com/watch?v=Krjc3jZW634;love_boat;2014;1;1;10
Love Me Land;Zara Larsson;2:31;https://youtu.be/gTVY1qLrC1o?t=13;https://youtu.be/Qp0G2KkW_jE?t=13;love_me_land;2023;1;4;9
Love Revolution 21;Morning Musume;4:28;https://youtu.be/rdBNk8xjK2U?t=29;https://youtu.be/JF6ZqB2apME?t=29;love_revolution;wii;2;3;11
Love Story;Taylor Swift;3:37;https://youtu.be/sadoRLfdZMA?t=20;https://youtu.be/HRTJUNZJZrg?t=20;love_story;2022;2;1;9
Love Ward;Hatsune Miku;3:28;https://youtu.be/oC8finz9zg0;null;love_ward;2018;3;3;12
Love You Like A Love Song;Selena Gomez & The Scene;3:10;https://youtu.be/YFGEajF0Pnw?t=17;https://youtu.be/51iKPE9NhBs?t=17;love_you_like_a_love_song;4;1;1;0
Love me again;John Newman;3:30;https://youtu.be/md8pcUAMIgMv=qIVtUOxWDdQ;https://www.youtube.com/watch?v=qIVtUOxWDdQ;love_me_again;2015;1;2;0
Lovers Again;EXILE;4:43;https://youtu.be/u51bR9mHfdQ;null;lovers_again;wii2;1;3;12
Lump;The Presidents of the United States of America;2:10;https://youtu.be/aVGh9IumWPg?t=18;https://youtu.be/0o45QVpe19M?t=18;lump;1;1;1;9
Lunchbox Friends;Melanie Martinez;2:38;https://youtu.be/dmFoGlEmAos?t=31;https://youtu.be/Jtav7pA8N_g?t=31;lunchbox_friends;fanmade;1;2;10
Lush Life;Zara Larsson;3:18;https://youtu.be/U3mxfapY7Z8?t=23;https://youtu.be/2ZWN-x8CwLA?t=23;lush_life;unlimited;1;1;11
MA ITŪ;Stella Mwangi;3:00;https://youtu.be/rOdWXQZBFsY;null;ma_itu;2020;1;3;12
MI MI MI;SEREBRO;3:06;https://youtu.be/0RrQ9n0QIkov=8c4iKz6pdf8;https://www.youtube.com/watch?v=8c4iKz6pdf8;mi_mi_mi;2019;2;1;11
MONEY;LISA;2:40;https://youtu.be/KxTU0zTj0mw?t=26;https://youtu.be/U43h6X5Fods?t=26;money;fanmade;1;4;9
MONTERO (Call Me By Your Name);Lil Nas X;2:49;https://youtu.be/q0lGMqzQomY?t=26;https://youtu.be/p-t8R4_ipXc?t=26;call_me_by_your_name;fanmade;1;3;9
Macarena;Los Del Rio;2:42;https://youtu.be/hT-1OJOv_Sc?t=39;https://youtu.be/ItpiDFhb-QA?t=39;macarena;2015;4;1;8
Mad Love;Sean, David, Becky G;3:21;https://youtu.be/HA3HnUvsAg4;null;mad_love;2019;1;4;12
Magic;Kylie Minogue;4:04;https://youtu.be/0qVEn11vR78?t=18;https://youtu.be/Ig5zh-a5HHU?t=18;magic;2023;1;2;9
Make The Party (Don’t Stop);Bunny Beatz ft. Liquid;3:21;https://youtu.be/yncl0bMr5s0?t=14;https://youtu.be/Kb9Fh7JJ2Ps?t=14;make_the_party;4;1;2;9
Make it Jingle;Big Freedia;2:58;https://youtu.be/fIv-YJM62eQ?t=12;https://youtu.be/ETVdSfgXlw0?t=12;make_it_jingle;2018;1;1;11
Makeba;Jain;3:46;https://youtu.be/qnT9aRizUn4;null;makeba;2024;3;2;12
Mambo No. 5;Lou Bega;3:18;https://youtu.be/KyRlHdUkbqM?t=7;https://youtu.be/0GQ9BFufIxU?t=7;mambo_no_5;2;2;2;9
Maneater;Nelly Furtado;3:37;https://youtu.be/Q8Up8PtRdHc?t=28;https://youtu.be/c5YnxuudmO4?t=28;maneater;4;1;2;9
Maniac;Michael Sembello;3:31;https://youtu.be/P3yPDOIUmxs?t=13;https://youtu.be/7SQl6Eynolk?t=13;maniac;2;1;1;9
Maps;Maroon 5;3:18;https://youtu.be/6w0IZBsh_ckv=7-X1YuZ2Plg&?t=17s;https://www.youtube.com/watch?v=7-X1YuZ2Plg&t=17s;maps;2015;1;2;7
Maria;Ricky Martin;4:05;https://youtu.be/oBjHOMUbV7c;null;maria;2014;1;3;12
Mas Que Nada ;Sergio Mendes ft. The Black Eyed Peas;3:39;https://youtu.be/fwE9zLoqqfg;null;mas_que_nada;4;1;2;12
Matsuribayashi de Geragerapō;King Cream Soda;2:25;https://youtu.be/bTY254HVlGY?t=16;https://youtu.be/EFSvDvlyHxc?t=16;matsuribayashi_de_geragerapo;ykwd;1;2;10
Mayores;Becky G ft. Bad Bunny;3:16;https://youtu.be/O_UVwMH-ktY?t=19;https://youtu.be/9Z5zytyNu6A?t=19;mayores;2019;1;2;10
Me And My Broken Heart;Push Baby;2:58;https://youtu.be/2W3qfk6lWu8?t=28;https://youtu.be/OcYYKHVN0MQ?t=28;me_and_my_broken_heart;2015;2;2;10
Mi Gente;J. Balvin, Willy William;3:09;https://youtu.be/dM5AqfTL6ys;null;mi_gente;2017;3;2;12
Million Dollar Baby;Ava Max;2:53;https://youtu.be/vFv8ciebu8Y?t=17;https://youtu.be/zUdWKYgKtLo?t=17;million_dollar_baby;2023;1;1;9
Miraculous;Lou and Lenni-Kim;2:35;https://youtu.be/y1HgpUlCadY?t=15;https://youtu.be/Ig9UZk12mis?t=15;miraculous;+;2;1;11
Miss Understood;Sammie;3:39;https://youtu.be/0KuUIRL2LxU;null;miss_understood;2014;1;2;12
Mister;Kara;3:06;https://youtu.be/WWm68TL0GzY?t=17;https://youtu.be/Xf3R91Cei40?t=17;mister;wii;1;2;10
Mite Mite☆Kotchitchi ;ももいろクローバーZ;3:42;https://youtu.be/cl5aLjvJ01E?t=4;https://youtu.be/933fKLmpH5A?t=4;mite_mite;wiiu;1;2;9
Miłość w Zakopanem;Sławomir;3:06;https://youtu.be/YkLQRBz6tSg?t=16;https://youtu.be/1zWsASSn1g0?t=16;milosc_w_zakopanem;2019;1;2;10
Money;LISA;2:50;https://youtu.be/KpRnvGeSTe0;null;money_alt;fanmade;1;3;12
Monster;Exo;3:41;https://youtu.be/tW7HAcYjLIw;null;monster;2021;3;3;12
Montero (Call Me By Your Name);Lil Nas X;3:03;https://youtu.be/41LEbcT2Wd8;null;montero_call_me_by_your_name;2021;1;2;12
Mood;24kGoldn ft. Iann Dior;2:08;https://youtu.be/mK3Hl1xqjwg?t=10;https://youtu.be/R-BBhYppWkQ?t=10;mood;2022;2;1;10
More;KD/A;3:20;https://youtu.be/YvZBxw2E8fc?t=20;https://youtu.be/FcTmCXwTHQ8?t=20;more;2023;4;4;10
More (Seraphine Version);KD/A;3:25;https://youtu.be/Tcrci5Y5gZ4?t=25;https://youtu.be/tSmz5ys773w?t=25;more_seraphine_version;2023;1;2;11
Moskau;Dschinghis Khan;3:13;https://youtu.be/kaLiRDDjvdMv=mkHpqk4J3s4;https://www.youtube.com/watch?v=mkHpqk4J3s4;moskau;2014;2;2;10
Move Your Feet;Junior Senior;2:56;https://youtu.be/JA39mdTV6NE?t=16;https://youtu.be/qNsZksQf9p4?t=16;move_your_feet;2;1;1;9
Moves Like Jagger;Maroon 5 ft. Christina Aguilera;3:32;https://youtu.be/Nc9iPEdpVeY;https://youtu.be/rE7q1uhj4g4;moves_like_jagger;4;1;2;2
Mr. Blue Sky;Electric Light Orchestra;3:30;https://youtu.be/jKhtI1yJCZE?t=3;https://youtu.be/PeMdCDUgpls?t=3;mr_blue_sky;2022;1;1;0
Mr. Saxobeat;Alexandra Stan;3:18;https://youtu.be/2UUAjnaC-_Yv=Fy-aGKxpXec;https://www.youtube.com/watch?v=Fy-aGKxpXec;mr_saxobeat;4;1;1;0
Murder on the Dancefloor;Sophie Ellis-Bextor ;4:43;https://youtu.be/fLDEKpgc08Q;null;murder_on_the_dancefloor;2024;2;3;12
My New Swag;VAVA ft. Ty & Nina Wang;3:17;https://youtu.be/D7GmIIMxQig?t=11;https://youtu.be/4gHc9fHGgqY?t=11;my_new_swag;2020;1;3;4
Nails, Hair, Hips, Heels;Todrick Hall;3:45;https://youtu.be/PepvTKWmVyIv=iY6PO8OcUJQ;https://www.youtube.com/watch?v=iY6PO8OcUJQ;nails_hair_hips_heels;2022;1;4;8
Napal Baji (나팔바지);PSY;3:37;https://youtu.be/g94elPMfXF0?t=30;https://youtu.be/d8QlbnQMYr4?t=30;napal_baji;fanmade;1;2;6
Narco;Blasterjaxx & Timmy Trumpet;3:20;https://youtu.be/kQ7GnQ72ge0v=RtScqbB99Q8;https://www.youtube.com/watch?v=RtScqbB99Q8;narco;2019;1;2;10
Never Gonna Give You Up;Rick Astly;3:20;https://youtu.be/eaQTNfPB_14v=di14EZRpMVo;https://www.youtube.com/watch?v=di14EZRpMVo;never_gonna_give_you_up;4;1;1;4
Never be like you;Flume ft. Kai;4:43;https://youtu.be/MCcM012rjss;null;never_be_like_you;2023;1;3;12
New Face;Psy;3:03;https://youtu.be/C4YnF5VJncs?t=11;https://youtu.be/HhrfHE4toBM?t=11;new_face;2018;3;2;9
New Rules (Extreme Version);Dua Lipa;3:25;https://youtu.be/xdxT273IGoY?t=17;https://youtu.be/pWuTT2Sodlw&start=17;new_rules_extreme;2019;1;4;1
New World;Krewella & Yellow Claw ft. Vava;2:34;https://youtu.be/7lBNRBUoE_4?t=5;https://youtu.be/8h1Ox0YmEAc?t=5;new_world;2019;1;3;10
New World(Extreme);Vava,Krewella,Yellow Claw;2:51;https://youtu.be/z-_y8yFHvOc;null;new_worldextreme;2020;1;4;12
Ninja Re Bang Bang;Kyary Pamyu Pamyu;4:20;https://youtu.be/q8n6zs_NKv8?t=12;https://youtu.be/bEPQLcMjD2w?t=12;ninja_re_bang_bang;wiiu;1;3;10
Nitro Bot;Sentai Express;3:09;https://youtu.be/ZT8PLRVS5oYv=ulxcU4RoWrE;https://www.youtube.com/watch?v=ulxcU4RoWrE;nitro_bot;2014;2;1;11
No Control;One Direction;3:15;https://youtu.be/6R5-G3K7YFY?t=7;https://youtu.be/cuwiUWfbcHQ?t=7;no_control;2016;4;1;10
No Lie;Sean Paul ft. Dua Lipa;3:34;https://youtu.be/hRSi5igY1ac?t=19;https://youtu.be/p2Z09-LSgXU?t=19;no_lie;unlimited;2;2;11
No Tears Left To Cry;Ariana Grande;3:31;https://youtu.be/veycxRO31bE;null;no_tears_left_to_cry;2019;1;1;12
Numb;Linkin Park;3:08;https://youtu.be/A9iTRKxvUnw?t=11;https://youtu.be/tBxjS3a2-VU?t=11;numb;2023;1;3;11
OMG;Arash ft. Snoop Dogg;3:14;https://youtu.be/Rsy3OkH2Dj8;null;omg;2019;3;3;12
OMG (Extreme);Arash ft. Snoop Dogg;2:51;https://youtu.be/Czm4DXCBkkM?t=6;https://youtu.be/9ZBZCeEvjPo?t=6;omg_extreme;2019;1;4;10
Oh No!;Marina and the Diamonds;2:55;https://youtu.be/ZjjsgveWmQYv=bstoUfqeVn8;https://www.youtube.com/watch?v=bstoUfqeVn8;oh_no;4;1;3;0
Ohla A Explosao;Mc Kevinho;3:13;https://youtu.be/idYykdPCxqQ;null;ohla_a_explosao;fanmade;1;3;12
Oishii Oishii;Wanko Ni Mero Mero;3:14;https://youtu.be/eTLG3r6RZmk;null;oishii_oishii;2017;2;1;12
Old Town Road;Lil Nas X ft. Billy Ray Cyrus;2:35;https://youtu.be/psfvHkA8auU?t=9;https://youtu.be/macKpa8Uv5A?t=9;old_town_road;2020;1;1;10
On The Floor;Jennifer Lopez ft. Pitbull;3:42;https://youtu.be/VhPXKJ8n_jwv=LGlrLym9OgE&?t=30s;https://www.youtube.com/watch?v=LGlrLym9OgE&t=30s;on_the_floor;4;1;1;0
One Kiss;Calvin Harris, Dua Lipa;3:30;https://youtu.be/WCt_blD5dm0v=6vC4br2h4yo&star?t=13;https://www.youtube.com/watch?v=6vC4br2h4yo&start=13;one_kiss;2019;1;2;7
One Thing;One Direction;3:17;https://youtu.be/lb-gKHS8o1g;null;one_thing;4;2;1;12
Only Girl (In The World);Rihanna;3:17;https://youtu.be/sBpOBjh5ISEv=dKR8rIh7aQQ&?t=8;https://www.youtube.com/watch?v=dKR8rIh7aQQ&t=8;only_girl_in_the_world;3;1;2;10
Otonablue;Atarashii Gakko;3:08;https://youtu.be/OXlvFwsgksU;null;otonablue;2024;4;2;12
PON PON PON;Kyary Pamyu Pamyu;4:00;https://youtu.be/pgx6Q-VgJ1M?t=15;https://youtu.be/YuRKqtqjFgw?t=15;pon_pon_pon;wii2;1;2;9
POP STAR (カバー);Ken Hirai;4:25;https://youtu.be/pBdS9-e0ZHE?t=24;https://youtu.be/eWnFyMjoPwA?t=24;pop_star;wii2;2;2;11
POP/STARS;K/DA;3:08;https://youtu.be/rL0Q0YXv3y4?t=8;https://youtu.be/j9a8t3MSgMo?t=8;POPSTARS;2022;4;4;0
Paca Dance;The Just Dance Band;2:42;https://youtu.be/jSHzzO2f5nsv=35pVGJUkLBg;https://www.youtube.com/watch?v=35pVGJUkLBg;paca_dance;2021;2;1;10
Panini;Lil Nas X;2:43;https://youtu.be/eLUF5KJnGn8?t=21;https://youtu.be/AQGR4kBIJ8w?t=21;panini;unlimited;1;2;11
Papaoutai;Stromae;3:26;https://youtu.be/f0fqrf3w2kg?t=8;https://youtu.be/cfYzSjSg-J0?t=8;papaoutai;2015;2;2;9
Papaoutai (African Dance);Stormae;3:26;https://youtu.be/ofFjFJjyvkQ?t=13;https://youtu.be/6BnyoJJ0ikI?t=13;papaoutai_african_dance;2015;1;3;11
Paparazzi;Lady Gaga;4:16;https://youtu.be/_pR8byDl2Rg;null;paparazzi;2024;1;2;12
Part of Me;Katy Perry;3:26;https://youtu.be/eXKOWD7Npkw?t=18;https://youtu.be/-tZ2cKHH44M?t=18;part_of_me;4;1;1;10
Party Rock Anthem;LMFAO;4:04;https://youtu.be/xW0kurCSUtE?t=13;https://youtu.be/LxVosoykKR4?t=13;party_rock_anthem;3;1;2;6
Pata Pata;Miriam Makeba;3:20;https://youtu.be/y0RfdpeQIcE?t=24;https://youtu.be/aogNWORL_j0?t=24;pata_pata;3;2;1;11
Peanut Butter Jelly;Galantis;3:12;https://youtu.be/dsWV6a_EFvo?t=25;https://youtu.be/SrKUsNWXZ2Y?t=25;peanut_butter_jelly;2020;3;2;9
Penguin’s Game;Gelato;2:19;https://youtu.be/2AGDzm1jDQE?t=11;https://youtu.be/43ltlqVmgK4?t=11;penguin_game;china_or_something_idk;1;1;10
Pepas;Farruko;5:00;https://youtu.be/r-WHpJzqXIkv=q5kjSYFHN04&?t=26s;https://www.youtube.com/watch?v=q5kjSYFHN04&t=26s;pepas;fanmade;1;3;5
Physical;Dua Lipa;3:06;https://youtu.be/LZDzrQ-5Z1o?t=12;https://youtu.be/MOUKKJBDMtA?t=12;physical;2023;1;1;11
Physical (Extreme);Dua Lipa;3:09;https://youtu.be/BgvUTk9eHpA?t=26;https://youtu.be/o6J2mqlf3mk?t=26;physical_extreme;2023;1;4;10
Pink Venom;BLACKPINK;2:57;https://youtu.be/Um6Nk0gu9I8?t=24;https://youtu.be/0j5fjMVAT_g?t=24;pink_venom;2023;1;4;10
PoPiPo;Hatsune Miku;2:56;https://youtu.be/lzL8NKs7ubQ;https://youtu.be/SQmZYWueRCg;popipo;2017;3;1;9
Poker Face;Lady Gaga;3:20;https://youtu.be/3lSktx5_mQo?t=7;https://youtu.be/HJ4SQM8X6HY?t=7;poker_face;fanmade;1;2;8
Pon de Replay;Rihanna;3:36;https://youtu.be/ymqXNbNLzGk;null;pon_de_replay;2;1;2;12
Poster Girl;Zara Larsson;2:57;https://youtu.be/l7T6NVp54Nw;null;poster_girl;2022;1;2;12
Pound the Alarm;Nicky Minaj;3:35;https://youtu.be/ahNKe14-EMI;null;pound_the_alarm;2014;4;2;12
Price Tag;Jessie J ft. B.o.B;3:40;https://youtu.be/4QUW7VZnjkQv=v4NJh-AtM48;https://www.youtube.com/watch?v=v4NJh-AtM48;price_tag;3;1;1;9
Primadonna;Marina ;3:44;https://youtu.be/hQSOfG068I0?t=19;https://youtu.be/4Ti5uLjxmgk?t=19;primadonna;4;1;1;11
Princess (Wang Fei);Jam Hsiao;3:41;https://youtu.be/2_mm_uq1Osg;null;princess_wang_fei;2022;1;2;12
Problem;Ariana Grande;3:11;https://youtu.be/hV6leWFBIRcv=BWDrZ5J9Qzo;https://www.youtube.com/watch?v=BWDrZ5J9Qzo;problem;2015;1;2;0
Promiscuous;Nelly Furtado ft. Timbaland;3:55;https://youtu.be/3qY3wPgqgUs?t=19;https://youtu.be/AgPlBSMqGzw?t=19;promiscuous;3;2;1;11
Provenza;Karol G;3:33;https://youtu.be/quxIlBvir9k;null;provenza;2022;2;2;12
Psycho (Extreme);Red Velvet;3:23;https://youtu.be/gWH1dYu0YVI?t=9;https://youtu.be/Rc18IwYzAT8?t=9;psycho_extreme;2023;3;4;11
Psycho (alternate);Red Velvet;3:13;https://youtu.be/NTswofbSZ0wv=AfIw265bJLU;https://www.youtube.com/watch?v=AfIw265bJLU;psycho_alternate;2023;1;1;9
Pump It;The Black Eyed Peas;4:33;https://youtu.be/BjPtsssAFEkv=RxOKsZim_kQ&?t=10s;https://www.youtube.com/watch?v=RxOKsZim_kQ&t=10s;pump_it;3;1;3;0
Pump Up The Volume;M|A|R|R|S;3:56;https://youtu.be/Bp6ptMKDds4;null;pump_up_the_volume;2;1;1;12
Pump Up the Jam;Technotronic;3:41;https://youtu.be/MEkgmAF1K14?t=14;https://youtu.be/SD-nGMyU514?t=14;pump_up_the_jam;1;1;1;11
Rain Over Me;Pitbull ft. Marc Anthony;3:20;https://youtu.be/aWlxcr4wWHM?t=12;https://youtu.be/RkJNiqH49uc?t=12;rain_over_me;2020;1;1;11
Rain Over Me (Extreme Version);Pitbull - Rain Over Me ft. Marc Anthony;3:38;https://youtu.be/1Tcyg_DrkK8;null;rain_over_me_extreme_version;2020;1;4;12
Rainbow Beats;Yi Yan, Zhao Fang Jing, Suika Kune & Feizaojun;3:26;https://youtu.be/SKPzWMdabgk?t=20;https://youtu.be/bXVa9TJQ9Ow?t=20;rainbow_beats;unlimited;2;3;10
Rapper's Delight;The Sugarhill Gang;3:01;https://youtu.be/evjRhXcRp8Y;null;rappers_delight;2024;1;2;12
Rare (Fairy Version);Selena Gomez;3:40;https://youtu.be/eyu8Rf6E4UQ;null;rare_fairy_version;2021;1;1;12
Rasputin;Boney M.;4:14;https://youtu.be/DDCsicT5FuIv=NJh5idlanrc;https://www.youtube.com/watch?v=NJh5idlanrc;rasputin;2;1;3;0
Rather Be;Clean Bandit ft. Jess Glynne;3:34;https://youtu.be/rTZ-6_aHZOM?t=17;https://youtu.be/wSwRl6e-aGw?t=17;rather_be;2023;1;3;10
Rave in the Grave;AronChupa ft. Little Sis Nora;2:26;https://youtu.be/nzR5uWJbnmE?t=15;https://youtu.be/VyQ9uu9Ykdc?t=15;rave_in_the_grave;2019;4;2;10
Rhythm of the Night;Corona;3:22;https://youtu.be/frYuqwis6Eov=Pdx8Fnx0NFY;https://www.youtube.com/watch?v=Pdx8Fnx0NFY;rhythm_of_the_night;2019;1;1;11
Rich Girl;Gwen Stefani;4:23;https://youtu.be/40d4AWN499U;null;rich_girl;2014;1;1;12
Ring My Bell;Anita Ward;3:12;https://youtu.be/MSSszBOaZV0?t=16;https://youtu.be/ebklGQrCh3s?t=16;ring_my_bell;1;1;1;9
Roar;Katy Perry;3:34;https://youtu.be/nbTVN9VOlfA?t=15;https://youtu.be/46RaAFzWrmo?t=15;roar;2014;1;2;10
Rock Lobster;The B-52's;3:46;https://youtu.be/VJVfpXg8j74;https://youtu.be/eeWRWEXxAac&t=8s;rock_lobster;4;2;2;8
Rock N Roll;Avril Lavigne;3:19;https://youtu.be/dfaSKbox-Ogv=mkGPGDd12VA;https://www.youtube.com/watch?v=mkGPGDd12VA;rock_n_roll;2014;1;1;11
Rock With You;Michael Jackson;3:22;https://youtu.be/W4WusssvmeE?t=10;https://youtu.be/AfwPNIGM5j0?t=10;rock_with_you;mje;1;1;11
Rock Your Body;Justin Timberlake;4:20;https://youtu.be/X56nSAzUBb0?t=15;https://youtu.be/Hx3cXzQWX6c?t=15;rock_your_body;2022;1;2;10
Rock n’ Roll (Will Take You to the Mountain);Skrillex;3:37;https://youtu.be/dNCCf1cfLa8v=fB_OhfKahgA;https://www.youtube.com/watch?v=fB_OhfKahgA;rock_n'_roll_(will_take_you_to_the_mountain);4;1;2;0
Rockabye;Clean Bandit ft. Sean Paul and Anne-Marie;3:30;https://youtu.be/NrirxULMDEo?t=1;https://youtu.be/7zoZ0Vly1Dg?t=1;rockabye;2018;2;1;10
Run The Show (Extreme Version);Kat DeLuna ft. Busta Rhymes;3:34;https://youtu.be/ZeqUfffFx2s;null;run_the_show_extreme_version;4;1;4;12
Run The World;Beyonce;3:59;https://youtu.be/B65UdLX5UoE;null;run_the_world;2022;1;4;12
Run the Show;Kat DeLuna ft. Busta Rhymes;3:26;https://youtu.be/1RXzCgkVY_M?t=2;https://youtu.be/MJTEt4aPhFQ?t=2;run_the_show;4;2;3;1
Runaway (U & I);Galantis;3:48;https://youtu.be/9cijYgoyqVQ?t=4;https://youtu.be/60ziaw-Xvc4?t=4;runaway;2021;2;1;11
S.L.U.T;Bea Miller;2:52;https://youtu.be/AuBD-YxJxQs?t=20;https://youtu.be/5WTEgP7gUEE?t=20;slut;2019;1;1;11
S.O.S;Rihanna;3:57;https://youtu.be/8_dCULeD9Vk?t=16;https://youtu.be/Q7jIJkLefsM?t=16;sos;2;1;2;9
Sacrifice;The Weeknd;2:23;https://youtu.be/BEm2ZaVNQtc?t=23;https://youtu.be/WZoihxDHUf0?t=23;sacrifice;+;1;1;11
Safe And Sound;Capital Cities;3:03;https://youtu.be/qeT_fEv-0uov=Afovlg6WqqM&?t=19s;https://www.youtube.com/watch?v=Afovlg6WqqM&t=19s;safe_and_sound;2014;1;1;8
Sail;Awolnation;3:45;https://youtu.be/t-LCTr0iXu0;null;sail;2024;1;2;12
Samba de Janeiro;Bellini;2:42;https://youtu.be/DKYcsF1V2LU?t=1;https://youtu.be/tlqdWGsmyPA?t=1;samba_de_janeiro;2021;3;1;11
Satisfaction;Benny Benassi, The Biz;4:05;https://youtu.be/-0O0Du-6HIQ?t=10;https://youtu.be/11qRVJWomH8?t=10;satisfaction;2;1;1;4
Save Your Tears (Remix);The Weeknd & Ariana Grande;2:50;https://youtu.be/PMygUlLFMSM?t=21;https://youtu.be/wnwSIb1UNmY?t=21;save_your_tears;2022;2;2;10
Sax;Fleur East;3:32;https://youtu.be/Ug5hnPZb3ZY?t=24;https://youtu.be/y1fd7-XljXQ?t=24;sax;2018;3;2;10
Say My Name (Extreme Version);ATEEZ;3:48;https://youtu.be/N1EGDr75Ef8;null;say_my_name_extreme_version;2024;3;4;12
Say So;Doja Cat;4:00;https://youtu.be/kUtM8d1AjHk?t=25;https://youtu.be/cfD_qOd4UcQ?t=25;say_so;fanmade;1;3;0
Sayonara;Wanko Ni Mero Mero;2:46;https://youtu.be/YxX4dPf5C9s;null;sayonara;2018;1;3;12
Scream & Shout (extrreme version);will.i.am ft. Britney Spears;4:10;https://youtu.be/GdWvcSi9DkQv=YLRnUx-1kyQ;https://www.youtube.com/watch?v=YLRnUx-1kyQ;scream_&_shout;2017;1;4;0
September;Earth, Wind & Fire;2:54;https://youtu.be/2VMHuwJZ8Y0v=qt109zupmi0;https://www.youtube.com/watch?v=qt109zupmi0;september;2017;3;2;9
Seven;Jungkook ft. Latto;3:08;https://youtu.be/kfyKpYbalog;null;seven;2024;1;2;12
Sexy And I Know It;LMFAO;3:12;https://youtu.be/mZjgPbyBvigv=flKT10bVMM8;https://www.youtube.com/watch?v=flKT10bVMM8;sexy_and_i_know_it;2014;1;2;7
Señorita;Shawn Mendes & Camila Cabello;3:06;https://youtu.be/dgJEQI40SZg?t=7;https://youtu.be/VfG1-bjfMIE?t=7;senorita;2021;2;1;10
Shameless;Camila Cabello;3:30;https://youtu.be/dO74gm-SdRQ?t=25;https://youtu.be/M4fdsNxgcFk?t=25;shameless;fanmade;1;2;11
She Looks So Perfect;5 Seconds of Summer;3:22;https://youtu.be/v9CM6aYrfcQ;null;she_looks_so_perfect;2015;4;2;12
She Wolf (Falling to pieces);David Guetta Ft. Sia;3:28;https://youtu.be/-hcsUSPXREkv=pUxKNX9kOm4;https://www.youtube.com/watch?v=pUxKNX9kOm4;falling_to_pieces;2014;1;2;1
Shelter;Porter Robinson & Madeon;3:30;https://youtu.be/wSBAMOZ4SyE?t=14;https://youtu.be/PnHXo76zN0U?t=14;shelter;fanmade;1;2;11
She’s Got Me Dancing;Tommy Sparks;3:19;https://youtu.be/TQjipDOPs6Q?t=34;https://youtu.be/b2nsS2uL5Uk?t=34;shes_got_me_dancing;3;1;2;11
Shoutout to my ex;Little Mix;3:50;https://youtu.be/khO2i7IuClU?t=12;https://youtu.be/3glgGU3QPEI?t=12;shoutout_to_my_ex;fanmade;1;2;10
Shut Up and Dance;Walk the Moon;3:20;https://youtu.be/Fz1rgixy-7gv=hGMoV2YJSzw;https://www.youtube.com/watch?v=hGMoV2YJSzw;shut_up_and_dance;unlimited;2;3;11
Side to Side;Ariana Grande ft. Nicki Minaj;3:46;https://youtu.be/VPKVvafJcO0;null;side_to_side;2018;1;1;12
Single Ladies (Put a Ring on It);Beyoncé;3:08;https://youtu.be/0TLBYVYdAm8v=LAYMkzRmwPA;https://www.youtube.com/watch?v=LAYMkzRmwPA;all_the_single_ladies;2017;1;1;9
Sissy That Walk;RuPaul;3:28;https://youtu.be/r09aPx8aN20?t=10;https://youtu.be/o2Mb68DpJ4o?t=10;sissy_that_walk;2023;1;1;11
Sk8er Boi;Avril Lavigne;3:24;https://youtu.be/1lC9kuw1mGo;null;sk8er_boi;2024;2;2;12
Skibidi;Little Big;2:38;https://youtu.be/sQAhL6mobUM?t=14;https://youtu.be/G5Pga2imWF0?t=14;skibidi;2020;2;1;9
SlowMo;Chanel;3:37;https://youtu.be/vqDCMCxzLA4;null;slowmo;2023;3;4;12
Smalltown Boy;Bronski Beat;4:19;https://youtu.be/2aSIX-GR4Qc?t=10;https://youtu.be/3Le8hWwzw_I?t=10;smalltown_boy;2022;1;2;10
Smooth Criminal;Michael Jackson;4:19;https://youtu.be/KHlb7lh_z84?t=18;null;smooth_criminal;mje;3;1;11
Snowman;Sia;2:30;https://youtu.be/bOHakG3qd6Y;null;snowman;fanmade;1;1;12
So What;P!nk;3:33;https://youtu.be/1OdI3faQkfEv=MTpcvKGvrb0&?t=8s;https://www.youtube.com/watch?v=MTpcvKGvrb0&t=8s;so_what;4;1;1;4
Some Catchin’ Up To Do;Tatum Quinn;3:09;https://youtu.be/7q1Y7sJl950?t=3;https://youtu.be/yDxSxVyplcE?t=3;some_catchin_up_to_do;4;1;1;10
Sorry Not Sorry;Demi Lovato;3:17;https://youtu.be/ddNiDohS2u0v=6NLyWk3YB2c&?t=12s;https://www.youtube.com/watch?v=6NLyWk3YB2c&t=12s;sorry_not_sorry;fanmade;1;3;7
Soy Yo;Bomba Estéreo;2:31;https://youtu.be/GWcSGoZraLA?t=12;https://youtu.be/cICF7ou4cYQ?t=12;soy_yo;2020;1;2;10
Space Cat;Christian Marsac;1:44;https://youtu.be/LQ95R6kJ6wQ?t=5;https://youtu.be/Q-LXGd6cQEA?t=5;space_cat;2021;1;1;10
Specialist;Persona 4;2:15;https://youtu.be/lgZSvvzQA9s?t=32;https://youtu.be/lgZSvvzQA9s?t=32;specialist;fanmade;1;4;11
Spooky Scary Skeletons;The Living Tombstone;1:40;https://youtu.be/TzhvdbQyVFQv=OcNRfAyqKLw&?t=24s;https://www.youtube.com/watch?v=OcNRfAyqKLw&t=24s;spooky_scary_skeletons;fanmade;1;1;8
Starships;Nicki Minaj;3:33;https://youtu.be/yR3l0eSbAucv=JB6yPAlSVgs;https://www.youtube.com/watch?v=JB6yPAlSVgs;starships;2014;1;3;0
Stay;The Kid Laroi & Justin Bieber;1:54;https://youtu.be/mbTuvaJCoNI?t=14;https://youtu.be/6EzzUqYjiBs?t=14;stay;2023;1;2;9
Stay (Don't Go Away);David Guetta ft. RAYE;2:56;https://youtu.be/Zx0EHrOkbvw?t=22;https://youtu.be/xhQUXxl4Lk4?t=22;stay_dont_go_away;fanmade;1;2;11
Stay (VIP version);The Kid Laroi & Justin Bieber;2:24;https://youtu.be/v-MowNpU4UI;null;stay_vip;2023;3;4;12
Sticky (fan made by Yeggiz);Kiss Of Life;2:37;https://youtu.be/WYBLIumncLQ;null;sticky_fan_made_by_yeggiz;fanmade;1;4;12
Stop Movin’;Royal Republic;2:58;https://youtu.be/C7xSufCaemg;null;stop_movin;2020;3;2;12
Streetwalker;Michael Jackson;4:35;https://youtu.be/cQtCZPZ5Sbc;null;streetwalker;mje;1;1;12
Stronger (What Doesn’t Kill You);Kelly Clarkson;3:58;https://youtu.be/T74t3aYUdNw?t=24;null;stronger;2024;1;1;11
Stuck on a Feeling;Prince Royce;3:28;https://youtu.be/oIE9dHDx1Wo;null;stuck_on_a_feeling;2016;1;3;12
Stupid Love;Lady Gaga;3:20;https://youtu.be/u27U3xvUKP8?t=20;https://youtu.be/KGrQqkYKTTs?t=20;stupid_love;2022;1;3;8
Sua Cara;Major Lazer ft. Anitta & Pabllo Vittar;2:45;https://youtu.be/ZGJrA5fw8kE?t=5;https://youtu.be/RqIuF8zac3I?t=5;sua_cara;2022;1;1;11
Sucker;Jonas Brothers;2:50;https://youtu.be/tQoco7-BtXQv=x8puDz2QKzs&?t=25s;https://www.youtube.com/watch?v=x8puDz2QKzs&t=25s;sucker;fanmade;1;1;6
Sugar;Maroon 5;3:59;https://youtu.be/5hCW_tV8VZU;null;sugar;2019;2;1;12
Summer;Calvin Harris;3:21;https://youtu.be/D-LJWBPxIgE;null;summer;2015;1;2;0
Summer (Fitness Version);Calvin Harris;3:21;https://youtu.be/09Urn6fnh6c;null;summer_fitness_version;2015;1;2;12
Sunroof;Nicky Youre & Dazy;2:48;https://youtu.be/Xw0EKBNe00E?t=24;https://youtu.be/Rb1GRI41G6s?t=24;sunroof;+;1;2;11
Sunset Driver;Michael Jackson;4:05;https://youtu.be/7Y9PaQ1vwBAv=laFfcPhpDck;https://www.youtube.com/watch?v=laFfcPhpDck;sunset_driver;mje;1;2;11
Super Bass;Nicki Minaj;3:08;https://youtu.be/UKc0WNzkKGo?t=18;https://youtu.be/rRBl1br-sVY?t=18;super_bass;4;1;2;10
Superhero;Just Dance Machine;0:28;https://youtu.be/F4S2Uues_H0;null;superhero;2017;1;1;12
Surfin’ Bird;The Trashmen;1:50;https://youtu.be/aC5Po7A7XIg?t=20;https://youtu.be/wiqxODCmwA0?t=20;surfin_bird;1;1;1;11
Sushi;Merk & Kremont;2:42;https://youtu.be/ksxWDGA-fQo?t=2;https://youtu.be/uaz830inrtM?t=2;sushi;2020;1;1;11
Sushi (extreme version);Merk & Kremont;2:43;https://youtu.be/2nY09sw95swv=R4XilGNr4Pg&?t=10s;https://www.youtube.com/watch?v=R4XilGNr4Pg&t=10s;sushi_extreme;2020;1;4;0
Swalla (Fanmade);Jason Derulo;3:24;https://youtu.be/Ik6bxqX8KZI?t=5;https://youtu.be/H7e0zrRfBYo?t=5;swalla_fanmade;fanmade;1;2;10
Swalla (fanmade);Swalla By Jason Derulo, Nicki Minaj & Ty Dolla $ign (Fanmade);2:40;https://youtu.be/jtavZCAlKZE;null;swalla2;fanmade;3;3;12
Sweet But Psycho;Ava Max;3:01;https://youtu.be/nlw-Yg-9GrM?t=15;https://youtu.be/EbpOF2I3194?t=15;sweet_but_psycho_2023;2023;1;2;9
Sweet But Psycho (fanmade);Ava Max;3:01;https://youtu.be/B_mQK7Y0peAv=Ck2fHwVYouA&star?t=25;https://www.youtube.com/watch?v=Ck2fHwVYouA&start=25;sweet_but_psycho;fanmade;1;1;5
Sweet Sensation;Flo Rida;3:01;https://youtu.be/TXHg0lUIvBY?t=17;https://youtu.be/jkGH7JIHDSk?t=17;sweet_sensation;2019;4;1;11
Swish Swish;Katy Perry ft. Nicki Minaj;3:35;https://youtu.be/KnpfMretm20v=Va5NpYyAoQ4;https://www.youtube.com/watch?v=Va5NpYyAoQ4;swish_swish;2018;4;2;9
Swish Swish (World cup vers. Extreme);Katy Perry Ft. Nicki Minaj ;3:53;https://youtu.be/hyjzUIdKt9g;null;swish_swish_world_cup_vers_extreme;2018;2;4;12
Take On Me;a-ha;3:33;https://youtu.be/-1yKFuhT0sY?t=9;https://youtu.be/yf79FDimTvU?t=9;take_on_me;3;1;1;0
Taki Taki;DJ Snake ft. Selena Gomez, Ozuna, Cardi B;3:30;https://youtu.be/5XCXHC-iq14v=xHwB2Gn3Zz0;https://www.youtube.com/watch?v=xHwB2Gn3Zz0;taki_taki;2020;1;2;10
Taki Taki;DJ Snake, Selena Gomez, Ozuna, Cardi B;3:36;https://youtu.be/Prtco51xTGc;null;taki_taki_fanmade;fanmade;3;3;12
Talk;Khalid;3:10;https://youtu.be/HCN1F9eTJIk?t=3;https://youtu.be/bU0_MmlEKsI?t=3;talk;2020;1;1;9
Talk (Extreme);Khalid;3:13;https://youtu.be/AOGAb_531FE?t=13;https://youtu.be/jM0c4-jOz3M?t=13;talk_extreme;2020;1;4;11
Teacher (car version);Nick Jonas;3:07;https://youtu.be/1S80VhPVGjwv=RTBkbZDjz2s;https://www.youtube.com/watch?v=RTBkbZDjz2s;teacher_car_version;2016;2;1;11
Tel Aviv;Omer Adam ft. Arisa;3:25;https://youtu.be/XSpTPJFlYew?t=20;https://youtu.be/iDM9Zud0CSY?t=20;tel_aviv;2020;3;2;10
Telephone;Lady Gaga;3:23;https://youtu.be/P95PX6A2ZuM?t=20;https://youtu.be/04G8ZrjjVWs?t=20;telephone;2023;1;2;9
Tell Your World;livetune ft. Hatsune Miku;3:55;https://youtu.be/D-gqvMUx7Z8?t=4;https://youtu.be/G_KA0l1bwqM?t=4;tell_your_world;wiiu;1;1;10
Temperature (Extreme);Sean Paul;3:40;https://youtu.be/W7TP7vKdtDY?t=17;null;temperature_extreme;2021;1;4;11
Thank you, Next;Ariana Grande;3:36;https://youtu.be/8c39Fv8t610;null;thank_you_next;2023;1;2;12
That’s Not My Name;The Ting Tings;3:17;https://youtu.be/JbTEdHUze2U?t=11;https://youtu.be/yk16UVCP7wY?t=11;thats_not_my_name;2;1;2;11
The Final Countdown;Europe;4:30;https://youtu.be/pivRs49WvT0v=dhECpzx3-Tg&?t=14s;https://www.youtube.com/watch?v=dhECpzx3-Tg&t=14s;the_final_countdown;4;2;3;0
The Other Side;Jason Derulo;3:36;https://youtu.be/jBctEH34Yewv=TkXMYd4Uwz8;https://www.youtube.com/watch?v=TkXMYd4Uwz8;the_other_side;2014;1;2;10
The Other Side;SZA & Justin Timberlake;3:09;https://youtu.be/w62VtPkxZ9I?t=9;null;the_other_side_sza;2021;1;2;11
The Time (Dirty Bit) (extreme);Black Eyed Peas;3:57;https://youtu.be/Kgdy1hJPRvwv=2NGt0p_aiGQ;https://www.youtube.com/watch?v=2NGt0p_aiGQ;the_time_extreme;2020;1;4;10
The Way;Ariana Grande Ft. Mac Miller;3:49;https://youtu.be/0B2i3aIetJI;null;the_way;2014;2;1;12
The Way I Are;Timbaland ft. Keri Hilson, D.O.E. and Sebastian;2:51;https://youtu.be/opUWnh-RWW4?t=17;https://youtu.be/8sLIimdx-Sk?t=17;the_way_i_are;unlimited;2;2;9
The Way I Are;Bebe Rexha & Lil Wayne ;3:12;https://youtu.be/KKa0njB4aRk;null;the_way_i_are_bebe;2018;2;2;12
The Weekend;Michael Gray;3:03;https://youtu.be/sS2fuI-lM6k?t=12;https://youtu.be/nCcjnYPbz0M?t=12;the_weekend;2021;2;3;10
Therefore I Am ;Billie Eilish;2:56;https://youtu.be/ZCwhFlS2_eQ;null;therefore_i_am;2020;1;1;12
Think About Things;Daði Freyr;2:35;https://youtu.be/LPuRwwpwTzE?t=16;https://youtu.be/nO4Di2XDrPE?t=16;think_about_things;2022;1;2;0
This Is How We Do (Aerobics Version);Katy Perry;3:20;https://youtu.be/Qr_cDV8C9R8v=61GLugcua28;https://www.youtube.com/watch?v=61GLugcua28;this_is_how_we_do_alt;2016;1;2;10
Thriller;Michael Jackson;5:13;https://youtu.be/okH1p2K2kT0v=SPspqQct3eQ;https://www.youtube.com/watch?v=SPspqQct3eQ;thriller;mje;3;3;9
Thunderous;Stray Kids;2:58;https://youtu.be/KfREmMF5w1g?t=26;https://youtu.be/kSYsYKYu6dk?t=26;thunderous;fanmade;1;4;10
TiK ToK;Ke$ha;3:16;https://youtu.be/aWBZZldF04Mv=xUPSMPo1l4U&?t=13s;https://www.youtube.com/watch?v=xUPSMPo1l4U&t=13s;tik_tok;2;1;2;4
Tightrope;Janelle Monáe;3:46;https://youtu.be/FSqd7VX3XH8?t=9;https://youtu.be/-BKJOXw-fG8?t=9;tightrope;3;1;3;11
Till I Find You;Austin Mahone;2:55;https://youtu.be/oPQlHlf3ln4v=pibZlborbPg;https://www.youtube.com/watch?v=pibZlborbPg;till_i_find_you;2015;1;2;9
Timber;Pitbull ft. Kesha;3:39;https://youtu.be/Ucwt7ImQVLkv=L3hIT46XIsM;https://www.youtube.com/watch?v=L3hIT46XIsM;timber;2014;2;2;0
Time Warp;Cast of The Rocky Horror Picture Show;3:04;https://youtu.be/ZTlaxvIHV7M?t=12;https://youtu.be/CZAK2nPs6XI?t=12;timewarp;4;4;1;10
Titanium;David Guetta ft. Sia;3:21;https://youtu.be/Su_R2UcOk7Qv=uX1sirWd23E;https://www.youtube.com/watch?v=uX1sirWd23E;titanium;2017;1;2;10
Tití Me Preguntó;Bad Bunny;4:04;https://youtu.be/I6TLV02LK58?t=14;null;titi_me_pregunto;2024;3;2;11
Todo De Ti;Rauw Alejandro;3:16;https://youtu.be/bivT_fRb8Ns?t=32;https://youtu.be/lxM9CPZHWj0?t=32;todo;fanmade;1;2;9
Todo de Ti;Rauw Alejandro;3:18;https://youtu.be/c7Nj3-A7Ag4;null;todo_de_ti;2024;1;2;12
Toxic (extreme);Britney Spears;3:06;https://youtu.be/UMgppb9RmAk?t=20;https://youtu.be/gHPVlnOvq08?t=20;toxic_extreme;2023;1;4;11
Toxic (jd2 version);Britney Spears;3:20;https://youtu.be/0NMub4pUCw8v=prN_wIwHDKA;https://www.youtube.com/watch?v=prN_wIwHDKA;toxic;2;1;1;3
Toxic (jd2023 version);Britney Spears;3:18;https://youtu.be/1q2o1az3PmA?t=3;https://youtu.be/h-j4VqbY-6Y?t=3;toxic_new;2023;1;2;9
Toy;Netta;3:49;https://youtu.be/-PWNloxvn7I?t=15;https://youtu.be/IBed8ZvR1EQ?t=15;toy;2019;1;2;10
Treasure;Bruno Mars;3:12;https://youtu.be/bKJS9Xl_gBM?t=9;null;treasure;2024;1;2;11
Trenuletul; Zdob și Zdub & Advahov Brothers;3:54;https://youtu.be/PvkYwsp3DNI;null;trenuletul;2023;3;2;12
Troublemaker;Olly Murs ft. Flo Rida;2:57;https://youtu.be/v7ZOYXbup_M?t=14;https://youtu.be/y8CiBufsxWE?t=14;troublemaker;2014;1;2;9
Tsukematsukeru (つけまつける);Kyary Pamyu Pamyu;4:15;https://youtu.be/4zhRX4dpjoM?t=18;https://youtu.be/_XM_1gnIt1A?t=18;tsukematsukeru;wiiu;1;1;8
Turn Me On;Kevin Lyttle;2:49;https://youtu.be/W93eiVOf2mU;null;turn_me_on;dc2;1;3;12
Turn Up the Love;Far East Movement ft. Cover Drive;3:11;https://youtu.be/lFX1hDjZOzov=kic5gAeYB68;https://www.youtube.com/watch?v=kic5gAeYB68;turn_up_the_love;2023;2;2;9
Twerk;Just Dance Machine;0:26;https://youtu.be/tkQRilg0RsY?t=10;https://youtu.be/lXpSgUhscE0?t=10;twerk;2017;1;1;11
U Can’t Touch This;MC Hammer;3:25;https://youtu.be/3qa7gpImQzc?t=18;https://youtu.be/hjUb1p3qPBc?t=18;u_cant_touch_this;1;1;1;11
U.S.A.;DA PUMP;3:58;https://youtu.be/X9UeTs9qroM;null;usa;2021;4;2;12
Ubu Love;Naniwa Danshi;3:44;https://youtu.be/YnjcUpPReKg;null;ubu_love;2023;3;3;12
Uchū Dance!;Cotori (コトリ) with Stitchbird (ステッチバード);2:22;https://youtu.be/4zKWHUi1gWAv=nmXgs4sYc5s;https://www.youtube.com/watch?v=nmXgs4sYc5s;uchu_dance;ykwd;4;2;10
Umbrella;Rihanna;4:05;https://youtu.be/GCP5YpylXCc?t=9;https://youtu.be/5X_0mhASGXc?t=9;umbrella;4;1;2;6
Un Poco Loco;Disney-Pixar’s Coco;1:58;https://youtu.be/IaTXaEoOYKc;null;un_poco_loco;2019;1;1;12
Uno;Little Big;2:35;https://youtu.be/fPOIGCMOBXE?t=9;https://youtu.be/jo59XSz9Llg?t=9;uno;2021;4;2;9
Uptown Funk;Mark Ronson ft Bruno Mars;3:57;https://youtu.be/T-QpvBJ3rzo?t=15;https://youtu.be/aXpsRVBTeE4?t=15;uptown_funk;2016;1;2;8
Vampire;Olivia Rodrigo;3:48;https://youtu.be/XnoCNbLSw3M;null;vampire;2024;2;2;12
Video Killed the Radio Star;The Buggles;3:02;https://youtu.be/A8cJqzQrj-Uv=PUZSFZ5ReBA&star?t=10;https://www.youtube.com/watch?v=PUZSFZ5ReBA&start=10;video_killed_the_radio_star;3;1;2;1
Viva Las Vegas;Elvis Presley;2:18;https://youtu.be/yCuFP6kBkrk?t=11;https://youtu.be/HVUIQpBX6yw?t=11;viva_las_vegas;2;1;2;11
Vodovorot;XS Project;2:54;https://youtu.be/pLCFXfLmFKY?t=15;https://youtu.be/Vf2s-fakSIo?t=15;vodovorot;2020;1;3;6
WANNABE (Alternate);Itzy;3:22;https://youtu.be/_TsJD84XWOk?t=7;https://youtu.be/OhuYxsqvVRo?t=7;wannabe_alternate;2023;1;2;11
Waka Waka (This Time for Africa) (Football Version) ;Shakira;3:10;https://youtu.be/zlmRuqAfXBIv=itujySaLqak;https://www.youtube.com/watch?v=itujySaLqak;waka_waka;2018;4;1;9
Wake Me Up;Avicii ft. Aloe Blacc;3:08;https://youtu.be/x63izHya_h0v=J22YyKtHUaY;https://www.youtube.com/watch?v=J22YyKtHUaY;wake_me_up;2014;1;2;10
Walk Like an Egyptian;The Bangles;3:04;https://vimeo.com/875694868?share=copy#?t=11;https://youtu.be/14En9FmB-vs?t=11;walk_like_an_egyptian;2;1;1;10
Walk This Way (Extreme);Run-DMC and Aerosmith;3:29;https://youtu.be/_FtgCrap_o4?t=7;https://youtu.be/REeWXmNF3R0?t=7;walk_this_way_extreme;2015;1;4;11
Walking on Sunshine;Katrina and the Waves;3:12;https://youtu.be/vHlWmwBklL0?t=3;https://youtu.be/VeIah3Gx-Xs?t=3;walking_on_sunshine;2023;1;2;11
Wanna be;Spice Girls;2:45;https://youtu.be/-itFqcUPrKc?t=10;https://youtu.be/qdXoDJ1ney0?t=10;wannabe;1;1;1;0
Wannabe (extreme);Itzy;3:05;https://youtu.be/u3X2jliAcR8v=6CRkGt9TZ6Y;https://www.youtube.com/watch?v=6CRkGt9TZ6Y;wannabe_extreme;2023;3;4;9
Want to Want Me;Jason Derulo;3:26;https://youtu.be/8M2EonHEdkM;null;want_to_want_me;2016;1;2;12
Wasabi (Extreme);Little Mix;2:51;https://youtu.be/e93y3gx-zoU?t=10;null;wasabi_extreme;2024;2;4;11
Watch Me (Whip/Nae Nae);Silentó;2:53;https://youtu.be/A5aOkFHnJHc?t=25;https://youtu.be/YfjCRFQIrw0?t=25;watch_me_whip_nae_nae;2017;4;1;10
Watch Out for This (Bumaye);Major Lazer ft. Busy Signal, The Flexican and FS Green;3:28;https://youtu.be/C3QSPkFAabA?t=11;null;watch_out_for_this;2023;4;2;11
We Don't Talk About Bruno;Disney;3:25;https://youtu.be/ahaXDh9oFQE?t=6;https://youtu.be/NFhRIaoB55Y?t=6;we_dont_talk_about_bruno;2023;1;2;9
We No Speak Americano (Extreme Version);Yolanda Be Cool ft. DCUP
(Hit The Electro Beat);3:04;https://youtu.be/uWeHu-sdu1M;null;we_no_speak_americano_extreme_version;fanmade;2;4;12
We R Who We R;Ke$ha;3:23;https://youtu.be/G7xeGW7_Oms?t=3;https://youtu.be/0SsFkDse-cQ?t=3;we_r_who_we_r;4;1;2;1
We speak no americano;Hit the electro beat;3:05;https://youtu.be/ARi01j7q0UMv=ZE46WnZ4Jno;https://www.youtube.com/watch?v=ZE46WnZ4Jno;we_speak_no_americano;4;1;2;0
What About Love;Austin Mahone;3:16;https://youtu.be/R7XG2nCCuQ8v=AkeDYciAbfU;https://www.youtube.com/watch?v=AkeDYciAbfU;what_about_love;2014;1;2;11
What Does The Fox Say?;Ylvis;3:20;https://youtu.be/Z8UqiR4dyN4?t=47;https://youtu.be/8xYBrbiwJLU?t=47;what_does_the_fox_say;2015;3;2;10
What Is Love;Ultraclub 90;3:25;https://youtu.be/5aW5YHOV74A;null;what_is_love;2017;1;1;12
What Is Love (Car Version);Haddaway;3:04;https://youtu.be/MZGK5_cTr1Uv=v8dJ-Qe-psc;https://www.youtube.com/watch?v=v8dJ-Qe-psc;what_is_love_car_version;2017;2;2;10
What Makes You Beautiful;One Direction;3:15;https://youtu.be/r25ila8lbcg?t=12;https://youtu.be/El9__hdsuaQ?t=12;what_makes_you_beautiful;4;4;1;1
What Makes You Beautiful (Extreme Version);One Direction;3:17;https://youtu.be/K7n2eP4gQYov=OT9IrnWsFe4&star?t=13;https://www.youtube.com/watch?v=OT9IrnWsFe4&start=13;what_makes_you_beautiful_extreme;4;1;4;1
What You Waiting For;Gwen Stefani;3:35;https://youtu.be/eqCmj7uQOYc?t=6;https://youtu.be/woUAO7rGCAc?t=6;what_you_waiting_for;3;1;2;7
When I Grow Up;The Pussycat Dolls;3:40;https://youtu.be/1yhAuQfInKIv=VuUlekqp-c8;https://www.youtube.com/watch?v=VuUlekqp-c8;when_i_grow_up;2;1;1;10
Where Have You Been;Rihanna;4:05;https://youtu.be/6DcoH1TKF1o?t=22;https://youtu.be/jiLUvXUJa48?t=22;where_have_you_been;2014;1;3;0
Where Have You Been (Extreme);Rihanna;4:10;https://youtu.be/ZTRWkEBmaykv=GfD6GJ7F1nA;https://www.youtube.com/watch?v=GfD6GJ7F1nA;where_have_you_been_extreme;2014;1;3;11
Whine Up;Kat DeLuna;3:50;https://youtu.be/zcqT7MinLFQ;null;whine_up;2024;1;3;12
Whip My Hair;WILLOW;2:36;https://youtu.be/ZPgCbe_chcg;null;willow;other;1;3;12
White Noise;Disclosure ft. AlunaGeorge;3:20;https://youtu.be/QoW_xvoCoUI?t=29;https://youtu.be/_JZrudRyq9s?t=29;white_noise;2020;1;2;10
Whitney;Rêve;3:15;https://youtu.be/UaEvziReueU?t=8;null;whitney;2024;1;2;11
Who Let the Smurfs Out?;Tom Zehnder & Brian Ibarra;2:21;https://youtu.be/G8u_bqslnOo?t=18;https://youtu.be/gwyXrtVyK10?t=18;who_let_the_smurfs_out;sendhelp;1;2;10
Wild;Jessie J ft. Big Sean;3:28;https://youtu.be/NwI4IEfytVgv=dgddMAHqh68;https://www.youtube.com/watch?v=dgddMAHqh68;wild;2014;1;2;11
Wild Wild West;Will Smith;3:27;https://youtu.be/ydHlETasOWUv=3Yby1ym6egc;https://www.youtube.com/watch?v=3Yby1ym6egc;wild_west;4;4;1;10
Wild Wild West (Extreme);Will Smith;3:27;https://youtu.be/UdVO1yWzPos?t=13;https://youtu.be/V6bTlLdK0XU?t=13;wild_wild_west_extreme;4;1;4;11
Witch;pashe ft. Alina Pash;3:39;https://youtu.be/FccZO2g3fg8;null;witch;2023;1;2;12
Without Me;Eminem;4:05;https://youtu.be/qO17LVxt04M?t=13;https://youtu.be/hCF5af4tmAc?t=13;without_me;2021;3;3;9
Without Me (Extreme);Eminem;3:24;https://youtu.be/xNxDoC8UeD8;null;without_me_extreme;2022;1;4;12
Wolves;Selena Gomez, Marshmello;3:18;https://youtu.be/kQx5rWWKt8kv=02ixqN5AM4M&?t=12s;https://www.youtube.com/watch?v=02ixqN5AM4M&t=12s;wolves;fanmade;1;2;7
Woman;Doja Cat;2:39;https://youtu.be/tqJI1zBF_V8?t=18;https://youtu.be/6c5gXVYc60U?t=18;woman;2023;4;2;10
Woman (All-Mother Version);Doja Cat;3:30;https://youtu.be/l-BO5zdfjl8?t=28;https://youtu.be/d8qYeuXJLQo?t=28;woman_all_mother_version;2023;1;2;11
Woman (VIP VERSION);Doja Cat;2:56;https://youtu.be/oLKSvpI8oTM;null;woman_vip_version;2023;1;4;12
Womanizer;Britney Spears;3:25;https://youtu.be/fKyBvHCsk-0?t=8;https://youtu.be/4WkAVrlGc1o?t=8;womanizer;1;1;1;8
Won't Be Long;Exile & Koda Kumi;3:57;https://youtu.be/_U8I-FaKqj0v=Hb_Rg2bGRLg;https://www.youtube.com/watch?v=Hb_Rg2bGRLg;wont_be_long;wii;2;1;10
Work Bitch (Extreme);Britney Spears;3:43;https://youtu.be/CUAPWdbzOUE?t=2;null;work_bitch_extreme;2019;1;4;11
Worth It;Fifth Harmony Ft. Kid Ink;3:46;https://youtu.be/EVDXVZ5_dEU;null;worth_it;2017;1;3;12
Worth It (Fanmade);Fifth Harmony ft. Kid Ink;3:32;https://youtu.be/U6Yw3bUK3qc?t=5;https://youtu.be/gcMWR5wSFMA?t=5;worth_it_fanmade;fanmade;1;2;11
Wouldn’t It Be Nice;The Beach Boys;2:08;https://youtu.be/8lMygQg5PAYv=W1o1Yu74dyE;https://www.youtube.com/watch?v=W1o1Yu74dyE;wouldnt_it_be_nice;2023;2;1;11
Y.M.C.A;Village People;3:36;https://youtu.be/7yqUZnNQdD4?t=10;https://youtu.be/YCDCwuGcEmA?t=10;ymca;2014;4;1;0
Yameen Yasar;DJ Absi;3:24;https://youtu.be/wtTJKJHXyIs;null;yameen_yasar;2021;3;3;12
Yo-kai Taiso Dai-Ichi;Dream5;2:19;https://youtu.be/ip9MmL13sHA;null;yo-kai_taiso_dai-ichi;ykwd;2;1;12
You Can Dance;Chilly Gonzales;2:50;https://youtu.be/09UhgpBf71s?t=17;https://youtu.be/5muI50FMMXo?t=17;you_can_dance;2022;1;1;11
You Don’t Know Me;Jax Jones ft. RAYE;3:33;https://youtu.be/BChmDrKb04k?t=28;https://youtu.be/MWCrWyaVr2s?t=28;you_dont_know_me;unlimited;1;1;11
You Make Me Feel...;Cobra Starship ft. Sabi;3:27;https://youtu.be/zYQ2Qtxg4xw?t=15;https://youtu.be/SawiuSMGW2E?t=15;you_make_me_feel;4;1;1;9
You Spin me Round (Like a Record);Dead or Alive;2:57;https://youtu.be/owMLxdrKWosv=b_rI0UaI00g;https://www.youtube.com/watch?v=b_rI0UaI00g;you_spin_me_round;2015;1;2;0
You’ve Got a Friend In Me;Randy Newman;2:00;https://youtu.be/CzeSO4RYzEE?t=11;https://youtu.be/KpaBB335svY?t=11;youve_got_a_friend_in_me;2021;1;1;11
Zenit;ONUKA;3:53;https://youtu.be/WNiKf7h5QP0;null;zenit;2021;1;1;12
Zero To Hero;Hercule;2:59;https://youtu.be/_814pSygzzY;null;zero_to_hero;2024;3;2;12
abc;The Jackson 5;2:00;https://youtu.be/gGv86uKXYJI?t=13;https://youtu.be/GD0iEr3zajY?t=13;abc;kids;1;1;11
thatPOWER (Extreme Version);will.i.am Ft. Justin Bieber;4:22;https://youtu.be/Zp0_AQjn2ec?t=20;https://youtu.be/TQgIM93bGM4?t=20;that_power_extreme;2014;1;4;1
Échame La Culpa;Luis Fonsi;2:38;https://youtu.be/AEmonL-hMQs?t=14;https://youtu.be/RzvXipjAcmI?t=14;la_cupa;fanmade;2;2;9
